timestamp,0
2017-08-17,1000000.0
2017-08-18,1000000.0
2017-08-19,1000000.0
2017-08-20,1000000.0
2017-08-21,1000000.0
2017-08-22,1000000.0
2017-08-23,1000000.0
2017-08-24,1000000.0
2017-08-25,1000000.0
2017-08-26,1000000.0
2017-08-27,1000000.0
2017-08-28,1000000.0
2017-08-29,1000000.0
2017-08-30,1000000.0
2017-08-31,1000000.0
2017-09-01,1000000.0
2017-09-02,1000000.0
2017-09-03,1000000.0
2017-09-04,1000000.0
2017-09-05,1000000.0
2017-09-06,1000000.0
2017-09-07,1000000.0
2017-09-08,1000000.0
2017-09-09,1000000.0
2017-09-10,1000000.0
2017-09-11,1000000.0
2017-09-12,1000000.0
2017-09-13,1000000.0
2017-09-14,1000000.0
2017-09-15,1000000.0
2017-09-16,1000000.0
2017-09-17,1002902.4249271763
2017-09-18,1026398.9515136518
2017-09-19,1019537.039857374
2017-09-20,1018557.2645389291
2017-09-21,1001953.3530351992
2017-09-22,1004290.5080147436
2017-09-23,1017775.533312193
2017-09-24,1013146.14429764
2017-09-25,1024825.6797601285
2017-09-26,1021552.4604078438
2017-09-27,1037475.9750914011
2017-09-28,1034573.0893670162
2017-09-29,1031081.7867362907
2017-09-30,1040399.3458871646
2017-10-01,1040258.4819936786
2017-10-02,1037744.8577942287
2017-10-03,1034679.3684180502
2017-10-04,1032071.5283367949
2017-10-05,1035124.2954185564
2017-10-06,1042585.130119349
2017-10-07,1043944.190236276
2017-10-08,1049086.100040396
2017-10-09,1047727.5415839849
2017-10-10,1048153.5903099963
2017-10-11,1050879.1646110327
2017-10-12,1064136.6464368065
2017-10-13,1080339.0917823752
2017-10-14,1085837.3736889327
2017-10-15,1081594.9905503902
2017-10-16,1081656.1656138664
2017-10-17,1072103.318295352
2017-10-18,1068646.6411416251
2017-10-19,1071619.3157017524
2017-10-20,1076326.8454006657
2017-10-21,1074625.9797775361
2017-10-22,1071437.8403235755
2017-10-23,1066192.3433018862
2017-10-24,1064461.2147719052
2017-10-25,1067565.6287599364
2017-10-26,1070868.3473608813
2017-10-27,1069759.1044438456
2017-10-28,1067236.8641928788
2017-10-29,1080440.8793990267
2017-10-30,1080371.4690935842
2017-10-31,1085590.8501555251
2017-11-01,1084108.7429049595
2017-11-02,1086909.0663205131
2017-11-03,1096427.5161289081
2017-11-04,1097979.650891243
2017-11-05,1096874.6834883469
2017-11-06,1092032.5072264208
2017-11-07,1107312.6520708962
2017-11-08,1126944.6727517638
2017-11-09,1129088.456227524
2017-11-10,1095594.5532236376
2017-11-11,1093622.98753239
2017-11-12,1073433.1227513652
2017-11-13,1101945.2702150817
2017-11-14,1105935.5734854767
2017-11-15,1113077.5492818875
2017-11-16,1123211.5060894208
2017-11-17,1116744.544676844
2017-11-18,1135167.053408476
2017-11-19,1136905.3621429862
2017-11-20,1146468.6888170156
2017-11-21,1139846.586418094
2017-11-22,1148931.6243428544
2017-11-23,1150421.3751989852
2017-11-24,1181959.0782521097
2017-11-25,1197936.2967934287
2017-11-26,1202095.610190894
2017-11-27,1218908.0573730585
2017-11-28,1218674.7765850886
2017-11-29,1193815.1148965966
2017-11-30,1210450.3144567744
2017-12-01,1236957.8341962246
2017-12-02,1239844.966516625
2017-12-03,1254554.0238318692
2017-12-04,1276929.166300271
2017-12-05,1277425.184772731
2017-12-06,1281151.1112562318
2017-12-07,1316120.0513384673
2017-12-08,1328456.7607540954
2017-12-09,1316786.8256633007
2017-12-10,1300285.2295484107
2017-12-11,1351656.9904055225
2017-12-12,1372635.9764956182
2017-12-13,1392971.9175501403
2017-12-14,1408451.0499622244
2017-12-15,1472271.6412905343
2017-12-16,1505592.7782244517
2017-12-17,1562271.6513648515
2017-12-18,1599493.3531175875
2017-12-19,1574964.244570091
2017-12-20,1534247.432689621
2017-12-21,1523387.6087653476
2017-12-22,1422205.656985409
2017-12-23,1427893.085110447
2017-12-24,1464653.2046956026
2017-12-25,1514789.985941992
2017-12-26,1619359.785416579
2017-12-27,1620181.108638107
2017-12-28,1575492.5000467103
2017-12-29,1570152.4220911297
2017-12-30,1496315.650502537
2017-12-31,1554547.7889605658
2018-01-01,1552976.9873376521
2018-01-02,1610753.6072574484
2018-01-03,1633578.6546877192
2018-01-04,1629381.5752959768
2018-01-05,1760998.2199405413
2018-01-06,1886962.8007107307
2018-01-07,1861409.026066534
2018-01-08,1831407.3912544728
2018-01-09,1838729.2954033297
2018-01-10,1842374.00572638
2018-01-11,1827014.9496386447
2018-01-12,1868591.5742837382
2018-01-13,1913435.1754130186
2018-01-14,1866542.208265145
2018-01-15,1843056.6831057114
2018-01-16,1668980.2654089364
2018-01-17,1685928.2517729579
2018-01-18,1687210.824581928
2018-01-19,1716033.2971750102
2018-01-20,1786931.7170251992
2018-01-21,1713412.2420779204
2018-01-22,1667035.4484567214
2018-01-23,1666985.8217447116
2018-01-24,1701827.3228777412
2018-01-25,1689749.5169027373
2018-01-26,1684496.1385982812
2018-01-27,1709659.0153248033
2018-01-28,1754285.0482953438
2018-01-29,1708693.2696855448
2018-01-30,1649636.7717483507
2018-01-31,1651089.8095386024
2018-02-01,1574150.4058834328
2018-02-02,1540801.7231996784
2018-02-03,1587736.598910808
2018-02-04,1510590.5351983623
2018-02-05,1412763.3064142193
2018-02-06,1493732.7056833652
2018-02-07,1480255.443415919
2018-02-08,1498791.7753745464
2018-02-09,1585506.194403179
2018-02-10,1559409.9444971483
2018-02-11,1527044.195386896
2018-02-12,1579129.853864338
2018-02-13,1560839.144013739
2018-02-14,1667427.2342239309
2018-02-15,1692027.616649979
2018-02-16,1709000.5658009632
2018-02-17,1735666.455378325
2018-02-18,1689039.3718476477
2018-02-19,1719022.8440405822
2018-02-20,1696945.5411160968
2018-02-21,1653552.7710671285
2018-02-22,1614252.9384131373
2018-02-23,1656344.7263401772
2018-02-24,1635502.989845829
2018-02-25,1648823.5920134527
2018-02-26,1677289.5025234437
2018-02-27,1689511.3827706173
2018-02-28,1670680.9136067834
2018-03-01,1690052.4108833342
2018-03-02,1688137.7112179867
2018-03-03,1692487.7183870506
2018-03-04,1700751.419530715
2018-03-05,1688740.1410545213
2018-03-06,1647762.4463113663
2018-03-07,1607193.2725050761
2018-03-08,1562795.9118437818
2018-03-09,1577996.6925820892
2018-03-10,1541075.297596781
2018-03-11,1586014.284160463
2018-03-12,1560878.2314937378
2018-03-13,1599589.6723043183
2018-03-14,1530101.6181113697
2018-03-15,1537883.8204678844
2018-03-16,1535183.1172624084
2018-03-17,1499794.5376356207
2018-03-18,1506496.2854739276
2018-03-19,1528351.9775748812
2018-03-20,1542713.3570019535
2018-03-21,1556895.519732125
2018-03-22,1545783.778595322
2018-03-23,1579950.9676869863
2018-03-24,1578143.4553649893
2018-03-25,1575422.9555360007
2018-03-26,1534580.8108982535
2018-03-27,1496833.4409649754
2018-03-28,1496909.3196970816
2018-03-29,1421659.3286612586
2018-03-30,1427193.119735157
2018-03-31,1435706.6991579167
2018-04-01,1426529.4415432538
2018-04-02,1459026.6023196236
2018-04-03,1504139.5116984153
2018-04-04,1448111.710976177
2018-04-05,1452283.1649781351
2018-04-06,1434573.8955960404
2018-04-07,1453684.1937167603
2018-04-08,1460174.387358632
2018-04-09,1448584.158190453
2018-04-10,1457696.6449290055
2018-04-11,1472933.0955844622
2018-04-12,1538275.090459179
2018-04-13,1537840.8720226092
2018-04-14,1541534.3309453514
2018-04-15,1563138.2056413756
2018-04-16,1536709.2075853422
2018-04-17,1528594.2756378104
2018-04-18,1569915.0300027155
2018-04-19,1597180.0303221915
2018-04-20,1653173.6535976196
2018-04-21,1645098.743402171
2018-04-22,1636494.8814045878
2018-04-23,1665762.8241330106
2018-04-24,1736065.6827601024
2018-04-25,1638895.0111952045
2018-04-26,1697331.4926347593
2018-04-27,1667463.3793573428
2018-04-28,1747698.7845135205
2018-04-29,1753761.446856077
2018-04-30,1720993.9816281616
2018-05-01,1722917.6522544601
2018-05-02,1745817.9905869444
2018-05-03,1790403.3979988755
2018-05-04,1791710.8836226114
2018-05-05,1819433.926107305
2018-05-06,1780889.6487227222
2018-05-07,1737781.37494447
2018-05-08,1716755.491720789
2018-05-09,1727598.824907753
2018-05-10,1670079.989359437
2018-05-11,1589346.7614325138
2018-05-12,1605918.5141520163
2018-05-13,1643843.239168082
2018-05-14,1635899.2558209987
2018-05-15,1597966.237022028
2018-05-16,1595042.551896407
2018-05-17,1555299.752799297
2018-05-18,1611058.230736262
2018-05-19,1599798.3202929706
2018-05-20,1629366.2628419313
2018-05-21,1610240.5337777627
2018-05-22,1547157.9997794474
2018-05-23,1468829.4699022
2018-05-24,1504086.2753003754
2018-05-25,1480379.6889546849
2018-05-26,1473815.9920476587
2018-05-27,1463491.1487554817
2018-05-28,1398405.723668921
2018-05-29,1476786.2848260216
2018-05-30,1474873.6917365685
2018-05-31,1515764.3180301343
2018-06-01,1520764.4902841533
2018-06-02,1543878.8616407332
2018-06-03,1567011.3265485256
2018-06-04,1525807.0679723204
2018-06-05,1559646.132028933
2018-06-06,1572873.2036591594
2018-06-07,1561429.677036361
2018-06-08,1549476.55704084
2018-06-09,1534919.7218422177
2018-06-10,1431633.0720907585
2018-06-11,1458906.0003681248
2018-06-12,1404683.1150354634
2018-06-13,1368629.7854600959
2018-06-14,1420868.1089033117
2018-06-15,1386033.4650539102
2018-06-16,1400392.6468068468
2018-06-17,1401735.221577986
2018-06-18,1426831.4979802147
2018-06-19,1437872.8732865108
2018-06-20,1423837.911627083
2018-06-21,1422803.4046776579
2018-06-22,1329655.9550597921
2018-06-23,1333556.9112406396
2018-06-24,1303138.5681891795
2018-06-25,1319599.953623004
2018-06-26,1272510.5701411744
2018-06-27,1293363.3317341688
2018-06-28,1255795.4636201037
2018-06-29,1288397.4309474041
2018-06-30,1320346.6536313181
2018-07-01,1316477.9806480147
2018-07-02,1359192.3742402093
2018-07-03,1342762.407355437
2018-07-04,1347964.4374876686
2018-07-05,1334113.2018764587
2018-07-06,1330892.1154081486
2018-07-07,1352808.691458145
2018-07-08,1342332.1907083504
2018-07-09,1322969.1413363111
2018-07-10,1270662.790909331
2018-07-11,1284027.7049361616
2018-07-12,1262191.512321696
2018-07-13,1272234.2689138912
2018-07-14,1270600.9471628123
2018-07-15,1291949.0203707505
2018-07-16,1349693.6092457306
2018-07-17,1400239.8647335726
2018-07-18,1384926.3827267135
2018-07-19,1381802.281630618
2018-07-20,1332615.8225255313
2018-07-21,1345720.9824582392
2018-07-22,1345717.3672150893
2018-07-23,1341413.72355627
2018-07-24,1387623.6240465117
2018-07-25,1387112.506870337
2018-07-26,1368533.7958194604
2018-07-27,1387223.1641847934
2018-07-28,1392564.0049917488
2018-07-29,1382144.4791652993
2018-07-30,1357550.520027849
2018-07-31,1330930.6932078688
2018-08-01,1323125.4001726669
2018-08-02,1307046.580844606
2018-08-03,1312181.9065709943
2018-08-04,1285342.1077180346
2018-08-05,1291913.287029346
2018-08-06,1280727.0473297334
2018-08-07,1235855.3791089242
2018-08-08,1175411.2306385392
2018-08-09,1203954.7449762763
2018-08-10,1157465.829424557
2018-08-11,1134530.7700027553
2018-08-12,1140814.9121548021
2018-08-13,1088110.3236852058
2018-08-14,1062851.2539168422
2018-08-15,1069790.5152450427
2018-08-16,1083299.3730110335
2018-08-17,1169963.7300440487
2018-08-18,1113348.5545349894
2018-08-19,1129243.980374469
2018-08-20,1080787.1112569487
2018-08-21,1106021.293592751
2018-08-22,1084725.3988151916
2018-08-23,1101766.363072114
2018-08-24,1114363.6782662764
2018-08-25,1113424.3194375753
2018-08-26,1108325.1349119002
2018-08-27,1149248.2715441824
2018-08-28,1173212.0467271442
2018-08-29,1160774.820201889
2018-08-30,1143373.1595975414
2018-08-31,1149583.58416229
2018-09-01,1181880.822702034
2018-09-02,1178060.1557898254
2018-09-03,1168873.2873243014
2018-09-04,1174289.4475469287
2018-09-05,1068892.200123726
2018-09-06,1080862.7209039277
2018-09-07,1052634.686199816
2018-09-08,1020252.3837934819
2018-09-09,1022249.7105215099
2018-09-10,1016952.1370237573
2018-09-11,997513.5189385284
2018-09-12,991827.1566263656
2018-09-13,1026798.6444162651
2018-09-14,1028396.2769166039
2018-09-15,1040843.3437299716
2018-09-16,1041231.5708719579
2018-09-17,997656.7776579497
2018-09-18,1037415.3230273986
2018-09-19,1047918.9595032611
2018-09-20,1116933.1320183207
2018-09-21,1185082.7086820542
2018-09-22,1174897.7575818438
2018-09-23,1186512.0059301907
2018-09-24,1141020.3890436024
2018-09-25,1137160.4390271758
2018-09-26,1126596.8924060313
2018-09-27,1171076.7421950013
2018-09-28,1159286.2107000735
2018-09-29,1170225.019779627
2018-09-30,1174472.8776180868
2018-10-01,1170046.4983710325
2018-10-02,1152542.744714268
2018-10-03,1146283.8187265098
2018-10-04,1151380.7968281035
2018-10-05,1160951.9249490828
2018-10-06,1144498.0828721975
2018-10-07,1150454.4085862422
2018-10-08,1161836.1835135974
2018-10-09,1154341.904116221
2018-10-10,1146013.626322212
2018-10-11,1056695.9171406447
2018-10-12,1081486.0341126088
2018-10-13,1087826.9394818677
2018-10-14,1075399.1184119768
2018-10-15,1131184.003487716
2018-10-16,1134244.4403234913
2018-10-17,1135089.7525847226
2018-10-18,1113897.4380356674
2018-10-19,1110454.831316913
2018-10-20,1117572.28026414
2018-10-21,1114470.9090916533
2018-10-22,1111942.0813903064
2018-10-23,1111916.1720104753
2018-10-24,1108596.9616813615
2018-10-25,1104740.2607659053
2018-10-26,1105765.8412247798
2018-10-27,1099925.9655213247
2018-10-28,1100711.6602608473
2018-10-29,1074952.3653716547
2018-10-30,1075658.5401612786
2018-10-31,1081201.0821036915
2018-11-01,1088299.9838712025
2018-11-02,1095967.6351357112
2018-11-03,1088494.796855154
2018-11-04,1118243.4226270982
2018-11-05,1121811.846816603
2018-11-06,1153995.4160701917
2018-11-07,1143488.2761117073
2018-11-08,1119964.5403077863
2018-11-09,1114497.2583111662
2018-11-10,1118653.7229578348
2018-11-11,1118454.7454922993
2018-11-12,1120332.8448686814
2018-11-13,1111139.1962546923
2018-11-14,1050718.3708489728
2018-11-15,1039227.9574757714
2018-11-16,1017135.965588317
2018-11-17,1017108.7056830114
2018-11-18,1028292.9874946063
2018-11-19,944694.9150047712
2018-11-20,888152.6335644311
2018-11-21,909209.3817212231
2018-11-22,867330.349376207
2018-11-23,863962.8473958317
2018-11-24,815643.922905204
2018-11-25,826863.661596174
2018-11-26,801945.9153289597
2018-11-27,806528.8085182215
2018-11-28,854373.2573816729
2018-11-29,847083.7969208496
2018-11-30,821124.4795813968
2018-12-01,841624.144833282
2018-12-02,839520.7075458295
2018-12-03,806835.716563885
2018-12-04,820843.0196601704
2018-12-05,799371.4881933727
2018-12-06,746785.3675285053
2018-12-07,730827.0135159146
2018-12-08,730235.8685184482
2018-12-09,744792.7913332494
2018-12-10,728437.3223257177
2018-12-11,726372.1761935598
2018-12-12,736395.5695334619
2018-12-13,718412.1053381705
2018-12-14,708956.3414638338
2018-12-15,708328.1831948622
2018-12-16,719175.1331325204
2018-12-17,768645.5378116154
2018-12-18,796356.4919262287
2018-12-19,787410.2756003062
2018-12-20,839762.9410861068
2018-12-21,822225.2481773854
2018-12-22,841647.6884509752
2018-12-23,864249.6817807064
2018-12-24,883839.4275643971
2018-12-25,842892.7529826283
2018-12-26,844841.6965115077
2018-12-27,797780.9074748281
2018-12-28,861763.9990129179
2018-12-29,845069.2061725799
2018-12-30,863765.9766935298
2018-12-31,848546.4695560023
2019-01-01,864472.13407054
2019-01-02,884788.1351710049
2019-01-03,863702.7785671075
2019-01-04,873337.0352225796
2019-01-05,881256.1939497376
2019-01-06,913028.9065506844
2019-01-07,905495.5547213781
2019-01-08,912409.4222792751
2019-01-09,920248.766292481
2019-01-10,850138.5891728029
2019-01-11,848149.6800079173
2019-01-12,844960.7371683954
2019-01-13,814549.0708613853
2019-01-14,854578.9468053154
2019-01-15,836729.7413714954
2019-01-16,850358.7945946548
2019-01-17,855353.5994524142
2019-01-18,850542.6904983297
2019-01-19,862957.6167322195
2019-01-20,844162.9331785162
2019-01-21,843508.541996198
2019-01-22,849415.9298701243
2019-01-23,846799.5837043317
2019-01-24,849695.3046430567
2019-01-25,850733.6927338053
2019-01-26,854128.0614454806
2019-01-27,846183.5150814251
2019-01-28,815871.9788861977
2019-01-29,811456.9628713218
2019-01-30,830510.5191669525
2019-01-31,823095.2065291603
2019-02-01,831193.63465259
2019-02-02,847050.5266628118
2019-02-03,835334.2101891314
2019-02-04,839925.6052944539
2019-02-05,849627.2857104407
2019-02-06,838820.02779265
2019-02-07,836592.6729285456
2019-02-08,903494.8457637794
2019-02-09,911415.9555535618
2019-02-10,926499.8064508673
2019-02-11,913254.51477872
2019-02-12,914971.9499310312
2019-02-13,903797.0517302473
2019-02-14,897592.4767100778
2019-02-15,907902.051457501
2019-02-16,909475.7356711497
2019-02-17,923204.3953477534
2019-02-18,964207.4857765513
2019-02-19,970906.5651038418
2019-02-20,994989.3114745425
2019-02-21,974928.8815545801
2019-02-22,981578.6283227252
2019-02-23,1005563.105683013
2019-02-24,933036.8156792979
2019-02-25,954083.2187380833
2019-02-26,944042.8381803025
2019-02-27,946821.357730748
2019-02-28,952812.9044714053
2019-03-01,966435.0242914574
2019-03-02,969289.7053139562
2019-03-03,962119.0395267264
2019-03-04,944517.1234461953
2019-03-05,999069.3652931243
2019-03-06,1011289.4132187362
2019-03-07,1017173.8338889166
2019-03-08,1004551.6730959436
2019-03-09,1026907.1490362436
2019-03-10,1018973.1942472102
2019-03-11,1015829.7499993105
2019-03-12,1026375.7847231707
2019-03-13,1019044.5475721702
2019-03-14,1022458.7436638988
2019-03-15,1038049.4263229123
2019-03-16,1059499.2158901948
2019-03-17,1049277.2210111492
2019-03-18,1046176.5357745496
2019-03-19,1052786.6915236523
2019-03-20,1056344.4221849525
2019-03-21,1038017.6249948738
2019-03-22,1057149.4927544817
2019-03-23,1072407.762008128
2019-03-24,1078474.1459630576
2019-03-25,1064871.5173172075
2019-03-26,1067000.098973106
2019-03-27,1092668.4868338073
2019-03-28,1086091.903954099
2019-03-29,1102736.0876655218
2019-03-30,1106434.5673920745
2019-03-31,1105126.1290866435
2019-04-01,1113047.4519644117
2019-04-02,1225150.6770275412
2019-04-03,1234541.6067310167
2019-04-04,1225487.8699328518
2019-04-05,1257702.4745841497
2019-04-06,1259212.1958650998
2019-04-07,1270230.855909545
2019-04-08,1257229.7718241503
2019-04-09,1243508.8151820148
2019-04-10,1263681.6955707367
2019-04-11,1210782.7765968475
2019-04-12,1213515.142684732
2019-04-13,1214823.0700266697
2019-04-14,1237049.9434509077
2019-04-15,1213597.321337392
2019-04-16,1230533.4908722187
2019-04-17,1231871.9090091505
2019-04-18,1257018.0800242163
2019-04-19,1265422.6162617318
2019-04-20,1262095.9859960536
2019-04-21,1239449.6401222956
2019-04-22,1251059.5137239057
2019-04-23,1233127.4286865983
2019-04-24,1219476.9533343748
2019-04-25,1195799.0124403716
2019-04-26,1212321.8277691526
2019-04-27,1206430.4936935669
2019-04-28,1201989.2970455955
2019-04-29,1178909.9481271142
2019-04-30,1214315.3368798136
2019-05-01,1207578.452148576
2019-05-02,1220562.444601041
2019-05-03,1245916.9889464185
2019-05-04,1229940.6794761543
2019-05-05,1222916.2540549226
2019-05-06,1227062.2761656048
2019-05-07,1210374.9383234375
2019-05-08,1215912.691970879
2019-05-09,1201724.2408534528
2019-05-10,1220432.1475119696
2019-05-11,1296824.0944791727
2019-05-12,1281810.9003373447
2019-05-13,1332307.1825717282
2019-05-14,1412360.80955387
2019-05-15,1505095.5448117042
2019-05-16,1474615.8089865202
2019-05-17,1422750.089726502
2019-05-18,1413163.7069845654
2019-05-19,1491024.8926370176
2019-05-20,1467072.1638322542
2019-05-21,1482370.9800714108
2019-05-22,1438914.2431755248
2019-05-23,1456116.1074988768
2019-05-24,1493924.8742924645
2019-05-25,1503680.779383568
2019-05-26,1543989.040440906
2019-05-27,1580156.0633050434
2019-05-28,1585881.6916426143
2019-05-29,1580512.5573995383
2019-05-30,1525132.7738433594
2019-05-31,1570926.3553909017
2019-06-01,1566689.015901585
2019-06-02,1590211.4155803935
2019-06-03,1520541.332765825
2019-06-04,1479076.0530439285
2019-06-05,1494322.3909370727
2019-06-06,1516457.2301013123
2019-06-07,1532164.7261002755
2019-06-08,1523937.8305069404
2019-06-09,1482245.2167431929
2019-06-10,1544648.9124776414
2019-06-11,1549685.83237041
2019-06-12,1598058.2035262245
2019-06-13,1580516.0329900812
2019-06-14,1584567.17121513
2019-06-15,1603838.875423949
2019-06-16,1610719.4312321998
2019-06-17,1635644.4021049645
2019-06-18,1616292.6984883978
2019-06-19,1630109.0582899067
2019-06-20,1637414.2026551748
2019-06-21,1681947.481199511
2019-06-22,1726913.508070737
2019-06-23,1720846.6756087372
2019-06-24,1726405.7353424954
2019-06-25,1732077.5316539474
2019-06-26,1760020.4214851093
2019-06-27,1642341.504228847
2019-06-28,1682282.5374691423
2019-06-29,1704706.631973607
2019-06-30,1620310.892099563
2019-07-01,1630987.510603978
2019-07-02,1610585.2279260005
2019-07-03,1644692.2898095872
2019-07-04,1607274.4657438837
2019-07-05,1597471.139129055
2019-07-06,1594151.2294235458
2019-07-07,1617504.914236511
2019-07-08,1638934.896639446
2019-07-09,1623566.7406612248
2019-07-10,1555998.164903276
2019-07-11,1483750.677479838
2019-07-12,1526313.6644580842
2019-07-13,1499097.4263506609
2019-07-14,1383544.1034443954
2019-07-15,1406699.0799665423
2019-07-16,1298547.1975206272
2019-07-17,1358159.6446007101
2019-07-18,1427588.721883484
2019-07-19,1417633.3632462032
2019-07-20,1454719.2922902748
2019-07-21,1441019.7560585195
2019-07-22,1416175.2773225259
2019-07-23,1371302.955463393
2019-07-24,1389051.0667922113
2019-07-25,1389195.1724521893
2019-07-26,1404032.223322662
2019-07-27,1362626.9802076372
2019-07-28,1367657.774413617
2019-07-29,1363271.0593627093
2019-07-30,1366619.972241664
2019-07-31,1401357.435691097
2019-08-01,1405992.098879479
2019-08-02,1395266.0746605624
2019-08-03,1402079.3365080752
2019-08-04,1397229.758797669
2019-08-05,1433821.9755259252
2019-08-06,1401681.2494384558
2019-08-07,1411379.362976266
2019-08-08,1412987.2321135441
2019-08-09,1369696.0735388934
2019-08-10,1372279.2919810712
2019-08-11,1402599.5769025027
2019-08-12,1383526.8061267433
2019-08-13,1368206.7957030954
2019-08-14,1281520.257281531
2019-08-15,1285685.326909233
2019-08-16,1278184.4876392938
2019-08-17,1276898.511431749
2019-08-18,1312811.6935905383
2019-08-19,1333754.4983033151
2019-08-20,1311937.8213912363
2019-08-21,1277513.516437337
2019-08-22,1286612.020741834
2019-08-23,1301456.3306229054
2019-08-24,1285934.630903604
2019-08-25,1277707.8956481388
2019-08-26,1286475.966630102
2019-08-27,1277630.1284527483
2019-08-28,1218474.7562079534
2019-08-29,1192054.0859916627
2019-08-30,1196784.9200177905
2019-08-31,1194606.7283750793
2019-09-01,1199246.3356981776
2019-09-02,1232524.2259250837
2019-09-03,1241281.5922258552
2019-09-04,1222896.1064679604
2019-09-05,1219610.9012255876
2019-09-06,1205195.6155122686
2019-09-07,1230817.4982887956
2019-09-08,1238146.8764479232
2019-09-09,1231993.062484684
2019-09-10,1227181.1645226134
2019-09-11,1211917.5115913735
2019-09-12,1217120.5471031817
2019-09-13,1217487.4352015539
2019-09-14,1231814.3193195749
2019-09-15,1227744.1381825912
2019-09-16,1238316.3783235077
2019-09-17,1276413.980269554
2019-09-18,1319707.0295188075
2019-09-19,1314090.0574897334
2019-09-20,1302213.5331877607
2019-09-21,1285903.4058523553
2019-09-22,1264998.4389716126
2019-09-23,1222210.3851438086
2019-09-24,1088501.8399044254
2019-09-25,1108353.796746403
2019-09-26,1084892.8113744154
2019-09-27,1100313.4747922579
2019-09-28,1099549.1419006272
2019-09-29,1082599.0039370444
2019-09-30,1124009.1328935765
2019-10-01,1113429.8627090764
2019-10-02,1122216.8378024215
2019-10-03,1108910.2911461145
2019-10-04,1113242.0942472874
2019-10-05,1116383.0027906701
2019-10-06,1097250.0860616213
2019-10-07,1140380.6350064895
2019-10-08,1138615.72886717
2019-10-09,1174843.3955951598
2019-10-10,1160191.4275441668
2019-10-11,1134192.5227370427
2019-10-12,1142369.3792287782
2019-10-13,1161719.998518689
2019-10-14,1183266.985054901
2019-10-15,1161090.1918709443
2019-10-16,1145132.380977527
2019-10-17,1174126.4517658984
2019-10-18,1154798.7213009968
2019-10-19,1158357.3677501518
2019-10-20,1171186.9160246507
2019-10-21,1164627.2607585234
2019-10-22,1148861.3925371445
2019-10-23,1100746.6429256552
2019-10-24,1106272.9337497037
2019-10-25,1194008.6915108718
2019-10-26,1195042.6642586023
2019-10-27,1219356.7604582682
2019-10-28,1211609.842430503
2019-10-29,1235864.7781518798
2019-10-30,1210539.834220424
2019-10-31,1207893.5662865438
2019-11-01,1211603.501409907
2019-11-02,1214796.5190682786
2019-11-03,1209462.753939331
2019-11-04,1231026.2226498262
2019-11-05,1240079.52148838
2019-11-06,1250136.1536956537
2019-11-07,1231964.4501957376
2019-11-08,1204671.1272619392
2019-11-09,1215611.1139361088
2019-11-10,1234791.0700148754
2019-11-11,1216079.0042830969
2019-11-12,1224053.1818448708
2019-11-13,1223059.5309545528
2019-11-14,1210771.15564147
2019-11-15,1195923.9771100278
2019-11-16,1199319.072332631
2019-11-17,1204511.0771619577
2019-11-18,1168673.7925965013
2019-11-19,1158607.4584605629
2019-11-20,1149537.6699125671
2019-11-21,1101061.0008143166
2019-11-22,1059764.9869061257
2019-11-23,1075700.7410390007
2019-11-24,1021133.3903245631
2019-11-25,1035164.939128044
2019-11-26,1046654.9354688892
2019-11-27,1072881.341016372
2019-11-28,1061932.3031668938
2019-11-29,1091442.1198402795
2019-11-30,1072169.1664384082
2019-12-01,1064558.0373542344
2019-12-02,1045947.5432409984
2019-12-03,1041878.2879677191
2019-12-04,1033086.1509355664
2019-12-05,1047166.4822763822
2019-12-06,1055266.9639583256
2019-12-07,1053763.91609098
2019-12-08,1059858.5888706134
2019-12-09,1043237.5777799103
2019-12-10,1030976.4290471624
2019-12-11,1028274.4529638488
2019-12-12,1026904.3984991671
2019-12-13,1033457.1600408531
2019-12-14,1016678.5352514134
2019-12-15,1020938.9466409191
2019-12-16,981380.3780600515
2019-12-17,931301.1692857215
2019-12-18,985556.2853448795
2019-12-19,966461.4425513949
2019-12-20,976146.7340151339
2019-12-21,967963.4433814053
2019-12-22,994034.9537416364
2019-12-23,973374.1957620686
2019-12-24,973587.2196524696
2019-12-25,966614.9951043013
2019-12-26,969349.8745814614
2019-12-27,970960.0006418918
2019-12-28,985181.5497110984
2019-12-29,997055.7783692556
2019-12-30,985768.6700091675
2019-12-31,977199.2515469919
2020-01-01,981725.792659208
2020-01-02,959036.2189336097
2020-01-03,989880.9796802122
2020-01-04,994357.9688295107
2020-01-05,1000333.7642610423
2020-01-06,1050075.295083355
2020-01-07,1052518.5985396926
2020-01-08,1035214.7319153482
2020-01-09,1027257.2170639554
2020-01-10,1062367.1875419328
2020-01-11,1055410.8343406825
2020-01-12,1074562.9795158387
2020-01-13,1060042.0852982954
2020-01-14,1149128.2971727306
2020-01-15,1159556.8615701145
2020-01-16,1144206.8632285686
2020-01-17,1186297.94453149
2020-01-18,1187608.7027765473
2020-01-19,1156593.313537094
2020-01-20,1157240.8001858785
2020-01-21,1173921.4812754293
2020-01-22,1170098.603439678
2020-01-23,1133097.0138232787
2020-01-24,1137242.2608720907
2020-01-25,1124028.2662292894
2020-01-26,1154939.4702026406
2020-01-27,1177960.8544593106
2020-01-28,1215036.1815077083
2020-01-29,1206600.7052485633
2020-01-30,1249929.8846488856
2020-01-31,1233641.6071584106
2020-02-01,1249625.9545836938
2020-02-02,1257155.2935131988
2020-02-03,1260498.5701966952
2020-02-04,1263444.6210377696
2020-02-05,1310703.8310275807
2020-02-06,1338784.4433950088
2020-02-07,1359960.1843321389
2020-02-08,1381326.8480897718
2020-02-09,1414667.7919943433
2020-02-10,1386470.5123011337
2020-02-11,1421760.0390327007
2020-02-12,1477381.1595384
2020-02-13,1480855.2124839753
2020-02-14,1514848.3736150116
2020-02-15,1437130.6507697937
2020-02-16,1403907.9542345891
2020-02-17,1396336.244661217
2020-02-18,1439537.4751213405
2020-02-19,1361625.752003759
2020-02-20,1359587.034319769
2020-02-21,1375112.8491103218
2020-02-22,1370859.295074586
2020-02-23,1412178.970190485
2020-02-24,1374917.557949837
2020-02-25,1318981.4679357002
2020-02-26,1234561.6106663784
2020-02-27,1248606.578112934
2020-02-28,1235164.1396853763
2020-02-29,1213288.4554733634
2020-03-01,1209573.9671571183
2020-03-02,1257160.578606235
2020-03-03,1252119.4393547482
2020-03-04,1249513.5554349408
2020-03-05,1275108.064785931
2020-03-06,1296883.2355409628
2020-03-07,1260992.9978769594
2020-03-08,1143137.0315225543
2020-03-09,1142559.502122507
2020-03-10,1142707.868614056
2020-03-11,1125244.9686524833
2020-03-12,822178.0180948182
2020-03-13,931263.2265805827
2020-03-14,881649.95123547
2020-03-15,902669.0157147344
2020-03-16,849420.4833889842
2020-03-17,878518.1940201725
2020-03-18,884766.9666809539
2020-03-19,971585.3737847675
2020-03-20,958868.9090279626
2020-03-21,960986.6358714395
2020-03-22,915657.2012909096
2020-03-23,972745.3816636037
2020-03-24,992609.0338137383
2020-03-25,980976.7998308856
2020-03-26,1008114.4042068118
2020-03-27,972176.4986815976
2020-03-28,976040.9405536564
2020-03-29,937538.258906821
2020-03-30,977709.1806744178
2020-03-31,986634.529274806
2020-04-01,999887.9531684383
2020-04-02,1015850.3733421356
2020-04-03,1019623.9080299292
2020-04-04,1029744.9356170747
2020-04-05,1022042.9540293317
2020-04-06,1105532.907929002
2020-04-07,1090425.3021944354
2020-04-08,1114717.7139917766
2020-04-09,1107473.8793384067
2020-04-10,1056845.2223746642
2020-04-11,1060056.546452392
2020-04-12,1063716.6945323031
2020-04-13,1061857.2035017237
2020-04-14,1067803.1532612613
2020-04-15,1037256.568314209
2020-04-16,1094209.4178173898
2020-04-17,1088287.458982787
2020-04-18,1128513.7647773786
2020-04-19,1105812.7231140588
2020-04-20,1070320.2977767608
2020-04-21,1074449.040216381
2020-04-22,1105532.1389955531
2020-04-23,1136722.266382345
2020-04-24,1146013.9220156681
2020-04-25,1156710.2315699842
2020-04-26,1189032.337846834
2020-04-27,1189115.1786544193
2020-04-28,1201099.4360310363
2020-04-29,1272058.0938674372
2020-04-30,1233585.0616224867
2020-05-01,1260520.9501495475
2020-05-02,1276666.366782211
2020-05-03,1257668.0389704872
2020-05-04,1249962.9681484145
2020-05-05,1249609.4287544987
2020-05-06,1235187.5975965634
2020-05-07,1285188.8643958368
2020-05-08,1283473.2918568875
2020-05-09,1272026.6500707364
2020-05-10,1195214.0470998976
2020-05-11,1183757.8719205689
2020-05-12,1208950.8025684892
2020-05-13,1236676.2688569417
2020-05-14,1251793.6339383023
2020-05-15,1222242.1912058268
2020-05-16,1234430.3434356863
2020-05-17,1248386.481970361
2020-05-18,1271223.9596529335
2020-05-19,1283089.8094600032
2020-05-20,1266254.0697680737
2020-05-21,1226597.0078284305
2020-05-22,1255852.302979005
2020-05-23,1251228.1574991937
2020-05-24,1215661.0038154584
2020-05-25,1239397.2380347853
2020-05-26,1228286.7635139043
2020-05-27,1251725.0625109079
2020-05-28,1296453.6564403102
2020-05-29,1291101.088964294
2020-05-30,1358215.9627996422
2020-05-31,1325782.3210744802
2020-06-01,1382823.0038433003
2020-06-02,1342863.5433208586
2020-06-03,1368111.434282675
2020-06-04,1376639.532079743
2020-06-05,1363723.9443321233
2020-06-06,1366489.3187613594
2020-06-07,1368360.0812745872
2020-06-08,1368869.9737995788
2020-06-09,1356483.0822954867
2020-06-10,1365756.3886681448
2020-06-11,1298412.027533371
2020-06-12,1326225.1922412238
2020-06-13,1329170.9414446254
2020-06-14,1311558.0214919655
2020-06-15,1313128.2800792132
2020-06-16,1320228.9873818266
2020-06-17,1326186.0177279618
2020-06-18,1313471.2105293667
2020-06-19,1302052.309035195
2020-06-20,1305654.6884197847
2020-06-21,1298080.7689504446
2020-06-22,1333455.7500363912
2020-06-23,1329553.2412449673
2020-06-24,1305726.9241454948
2020-06-25,1298902.3003419945
2020-06-26,1293596.1450185075
2020-06-27,1261738.5952251323
2020-06-28,1275135.4621479665
2020-06-29,1285829.2983076768
2020-06-30,1278706.3990845743
2020-07-01,1310736.2596334943
2020-07-02,1293656.2304752176
2020-07-03,1297655.1979025712
2020-07-04,1311957.8643599988
2020-07-05,1304623.8917008992
2020-07-06,1367252.8925703983
2020-07-07,1407389.2330464188
2020-07-08,1528280.2570166609
2020-07-09,1491120.4105981071
2020-07-10,1459211.433904613
2020-07-11,1482073.9129001533
2020-07-12,1486643.9054963419
2020-07-13,1457837.3882942048
2020-07-14,1471513.0040048398
2020-07-15,1451505.9805045577
2020-07-16,1427196.3890079705
2020-07-17,1424653.793083891
2020-07-18,1452359.087837446
2020-07-19,1461520.82721202
2020-07-20,1434000.9149603338
2020-07-21,1465565.3420155982
2020-07-22,1488509.425040181
2020-07-23,1506497.99275218
2020-07-24,1498211.8820389651
2020-07-25,1573072.7353794014
2020-07-26,1579359.7337219806
2020-07-27,1613969.5726296548
2020-07-28,1637910.347161335
2020-07-29,1635228.656609441
2020-07-30,1654110.296758218
2020-07-31,1681059.982450626
2020-08-01,1778088.6430737802
2020-08-02,1708298.2621095474
2020-08-03,1750822.4838281665
2020-08-04,1762534.8195212227
2020-08-05,1785054.116382133
2020-08-06,1785232.974255973
2020-08-07,1751579.9916562045
2020-08-08,1782460.3041531006
2020-08-09,1760621.2097154309
2020-08-10,1775983.4271528888
2020-08-11,1716927.2004910582
2020-08-12,1752881.1363662125
2020-08-13,1794780.7232019776
2020-08-14,1801104.139038855
2020-08-15,1794671.8483007136
2020-08-16,1827649.9697119175
2020-08-17,1838036.9056051276
2020-08-18,1815954.358437145
2020-08-19,1739334.0122487287
2020-08-20,1776501.3026006508
2020-08-21,1697159.898263315
2020-08-22,1817360.9082935788
2020-08-23,1799957.266315633
2020-08-24,1858245.4723603022
2020-08-25,1822097.8975765877
2020-08-26,1870741.0990432445
2020-08-27,1824623.269954517
2020-08-28,1895688.525558675
2020-08-29,1904062.465007294
2020-08-30,1973310.4612707698
2020-08-31,1992802.939263697
2020-09-01,2032939.2708382173
2020-09-02,1946010.0067939712
2020-09-03,1703762.8775875475
2020-09-04,1737140.1879656003
2020-09-05,1572703.0644110204
2020-09-06,1673563.0527284062
2020-09-07,1663197.2097064978
2020-09-08,1603492.3138516236
2020-09-09,1717645.9799823065
2020-09-10,1732868.196737726
2020-09-11,1740883.365596795
2020-09-12,1797164.4171929788
2020-09-13,1784632.1720770572
2020-09-14,1806608.7101458823
2020-09-15,1741346.9300441174
2020-09-16,1722564.9158867914
2020-09-17,1774397.6450184651
2020-09-18,1778025.86808431
2020-09-19,1763166.618763573
2020-09-20,1715360.5608592452
2020-09-21,1590983.419677447
2020-09-22,1624885.6387681554
2020-09-23,1508456.8010630629
2020-09-24,1648067.047097874
2020-09-25,1699527.1832294776
2020-09-26,1695102.3241902525
2020-09-27,1714484.520665896
2020-09-28,1686074.230419608
2020-09-29,1707500.234373828
2020-09-30,1706972.2583094432
2020-10-01,1673177.979501648
2020-10-02,1616893.860801577
2020-10-03,1621022.090782901
2020-10-04,1654794.4096258492
2020-10-05,1664416.5363200738
2020-10-06,1571470.7527573826
2020-10-07,1586972.8437208335
2020-10-08,1642138.0217546888
2020-10-09,1700037.3667646726
2020-10-10,1700087.35568818
2020-10-11,1717026.0183439984
2020-10-12,1770298.3806323698
2020-10-13,1750473.3596750598
2020-10-14,1718898.6789552423
2020-10-15,1708014.9250126544
2020-10-16,1657659.332501189
2020-10-17,1673823.859335304
2020-10-18,1692100.3390367196
2020-10-19,1678638.168531701
2020-10-20,1627203.7604644697
2020-10-21,1704155.9326109102
2020-10-22,1768244.1882753472
2020-10-23,1759323.6165614722
2020-10-24,1772568.8296838165
2020-10-25,1747230.0767759425
2020-10-26,1737023.6507698703
2020-10-27,1759110.5784713512
2020-10-28,1682752.0758059656
2020-10-29,1638447.35599143
2020-10-30,1621813.4840182795
2020-10-31,1643581.4837157233
2020-11-01,1666599.2899632454
2020-11-02,1606951.8322235385
2020-11-03,1595272.8882144962
2020-11-04,1602104.9660644454
2020-11-05,1669641.9285207528
2020-11-06,1828471.4503014775
2020-11-07,1753817.7340631476
2020-11-08,1815151.36425124
2020-11-09,1780879.2169487071
2020-11-10,1820669.9697095598
2020-11-11,1809859.7232110905
2020-11-12,1804189.1717754211
2020-11-13,1870488.193397456
2020-11-14,1827177.6859257803
2020-11-15,1819948.630533393
2020-11-16,1928894.7600690008
2020-11-17,1999956.6982134916
2020-11-18,1955728.054424855
2020-11-19,1975426.7705409655
2020-11-20,2080595.6902003486
2020-11-21,2335141.1626136005
2020-11-22,2280750.1632672083
2020-11-23,2487937.0620218236
2020-11-24,2616720.178941431
2020-11-25,2440792.202044017
2020-11-26,2159749.965746518
2020-11-27,2170192.5352281113
2020-11-28,2278353.9042129247
2020-11-29,2347270.3310749526
2020-11-30,2473632.4186896426
2020-12-01,2349209.5739825903
2020-12-02,2432578.132007044
2020-12-03,2459339.2642001486
2020-12-04,2261170.530083534
2020-12-05,2363811.8321747095
2020-12-06,2360002.9155345815
2020-12-07,2316354.0830697576
2020-12-08,2156829.188552867
2020-12-09,2206144.582178521
2020-12-10,2146403.6818312793
2020-12-11,2093369.5923286702
2020-12-12,2147511.584085333
2020-12-13,2226661.0638910527
2020-12-14,2220848.2969688014
2020-12-15,2245000.684636751
2020-12-16,2421167.8594833137
2020-12-17,2451576.896704435
2020-12-18,2519248.098013403
2020-12-19,2570621.4996981416
2020-12-20,2553175.1553671896
2020-12-21,2430509.245876527
2020-12-22,2454519.3328005313
2020-12-23,2131303.5080192825
2020-12-24,2367830.525345469
2020-12-25,2423386.810435418
2020-12-26,2409339.778082615
2020-12-27,2402414.036765378
2020-12-28,2563534.5073347953
2020-12-29,2634265.711503537
2020-12-30,2605188.3223420614
2020-12-31,2684803.3428995544
2021-01-01,2834025.5556649463
2021-01-02,3145528.3650088846
2021-01-03,3448935.77632994
2021-01-04,3534094.954449422
2021-01-05,3658252.7467520954
2021-01-06,3915637.111953104
2021-01-07,4075618.8143121568
2021-01-08,4327405.110297731
2021-01-09,4588821.930239717
2021-01-10,4402164.9999056775
2021-01-11,3969169.7072165282
2021-01-12,4064868.125755913
2021-01-13,4435113.109562904
2021-01-14,4712108.687409909
2021-01-15,4530770.349843758
2021-01-16,4993872.021042334
2021-01-17,5101075.370664599
2021-01-18,5117828.392323904
2021-01-19,5054923.816912962
2021-01-20,5149760.940361804
2021-01-21,4473710.268000055
2021-01-22,4830392.396916971
2021-01-23,4894279.873319265
2021-01-24,4986455.201207666
2021-01-25,4877042.222441714
2021-01-26,4927740.320588828
2021-01-27,4530250.258916348
2021-01-28,6607751.370596268
2021-01-29,6867747.0288520185
2021-01-30,7136533.734134348
2021-01-31,7385621.464576015
2021-02-01,7536569.842904351
2021-02-02,7812972.2697699815
2021-02-03,8584276.976091698
2021-02-04,9073993.616705244
2021-02-05,9795637.581292465
2021-02-06,10160236.360108193
2021-02-07,10737046.028466126
2021-02-08,12106108.623725103
2021-02-09,12699083.383563098
2021-02-10,14575723.40694477
2021-02-11,14569328.682091977
2021-02-12,15318127.190489713
2021-02-13,15198982.039235566
2021-02-14,14651007.391744286
2021-02-15,14337839.077712359
2021-02-16,14213973.019207537
2021-02-17,15001806.382141294
2021-02-18,15816880.82909589
2021-02-19,17704845.53530229
2021-02-20,17187304.157710213
2021-02-21,17913107.039415937
2021-02-22,17589926.712382067
2021-02-23,15736922.644592164
2021-02-24,16704333.209907113
2021-02-25,15435715.104507543
2021-02-26,15372595.468642844
2021-02-27,15565459.714239005
2021-02-28,15087654.438991139
2021-03-01,16505360.68177248
2021-03-02,16058957.294643683
2021-03-03,16392394.485878602
2021-03-04,15842528.573244201
2021-03-05,15547594.835402517
2021-03-06,15831070.855591623
2021-03-07,16468427.456160828
2021-03-08,16892040.727992438
2021-03-09,18386113.412342075
2021-03-10,17604865.19275249
2021-03-11,17998443.065462343
2021-03-12,17333913.727986343
2021-03-13,18484355.658570692
2021-03-14,17610566.34563448
2021-03-15,17068682.855649874
2021-03-16,17896137.620764475
2021-03-17,18381671.074508227
2021-03-18,17955241.748396214
2021-03-19,18486995.355376776
2021-03-20,18421950.415341962
2021-03-21,18151248.568686783
2021-03-22,17458053.182805013
2021-03-23,17284242.41630409
2021-03-24,16210229.819752073
2021-03-25,16084832.479860378
2021-03-26,17553971.126656063
2021-03-27,17738878.650167648
2021-03-28,17919631.30368131
2021-03-29,18608668.686436627
2021-03-30,18929438.077864036
2021-03-31,19100080.48567263
2021-04-01,19655167.72534994
2021-04-02,20237360.73961279
2021-04-03,19824376.611230314
2021-04-04,20784127.91171556
2021-04-05,22376140.660462808
2021-04-06,23488536.95765288
2021-04-07,21944389.521136433
2021-04-08,23243357.225483056
2021-04-09,23336739.52964297
2021-04-10,24859124.315872185
2021-04-11,25675159.939323116
2021-04-12,26309420.308274154
2021-04-13,28433641.506136067
2021-04-14,29896211.54939653
2021-04-15,31582033.28958767
2021-04-16,33515765.727796163
2021-04-17,32226895.661528878
2021-04-18,31546012.93082971
2021-04-19,31199512.71939491
2021-04-20,31888807.46633179
2021-04-21,30770924.881933957
2021-04-22,29797887.165489286
2021-04-23,29440132.756609343
2021-04-24,28370621.516289536
2021-04-25,28739402.228500113
2021-04-26,32061417.93671054
2021-04-27,33195602.630247734
2021-04-28,33911982.28048345
2021-04-29,33835648.88824513
2021-04-30,36093545.50358569
2021-05-01,37578624.143330194
2021-05-02,36670573.789930776
2021-05-03,39251938.598351225
2021-05-04,37533802.9379596
2021-05-05,42512788.30941083
2021-05-06,42563821.24194112
2021-05-07,42961314.9215923
2021-05-08,43630749.07670582
2021-05-09,44064547.13601286
2021-05-10,40673154.68141528
2021-05-11,43037000.56995133
2021-05-12,37971948.20885709
2021-05-13,40474280.59816053
2021-05-14,43249229.0358291
2021-05-15,41536827.49976463
2021-05-16,42015286.825375475
2021-05-17,39513339.014250524
2021-05-18,41160436.215187766
2021-05-19,28100632.024272814
2021-05-20,32615131.426321417
2021-05-21,28332793.070699207
2021-05-22,25999996.888280492
2021-05-23,22474836.91720421
2021-05-24,28010969.009223297
2021-05-25,27540933.36151563
2021-05-26,29909040.064798392
2021-05-27,28580125.922969382
2021-05-28,25720139.66032967
2021-05-29,24267639.791119218
2021-05-30,25451467.21367196
2021-05-31,28196590.650556404
2021-06-01,28110991.929696735
2021-06-02,29896666.741490584
2021-06-03,31429021.09839267
2021-06-04,29143676.94453091
2021-06-05,28488838.65533673
2021-06-06,29059261.46041962
2021-06-07,26597399.468133435
2021-06-08,26529196.302530196
2021-06-09,28044471.556424905
2021-06-10,26782456.878339034
2021-06-11,25602382.323130693
2021-06-12,25468161.853777397
2021-06-13,27100610.039337594
2021-06-14,28150085.360748477
2021-06-15,27508086.656314056
2021-06-16,26365297.63209247
2021-06-17,26473583.862407535
2021-06-18,24992952.19642072
2021-06-19,24263808.885595612
2021-06-20,24665438.287527688
2021-06-21,19473784.041760575
2021-06-22,19087295.95778079
2021-06-23,21137612.17763433
2021-06-24,22047473.389957078
2021-06-25,20034110.471869443
2021-06-26,20313505.723177586
2021-06-27,21550650.555465598
2021-06-28,21894240.982991517
2021-06-29,22846809.613173183
2021-06-30,22992060.714391496
2021-07-01,21681729.593772884
2021-07-02,21897600.826807693
2021-07-03,22394993.249554813
2021-07-04,23060318.152956747
2021-07-05,22038714.758425053
2021-07-06,22903090.695929676
2021-07-07,22959430.038952474
2021-07-08,21468772.034803092
2021-07-09,22014790.435814414
2021-07-10,21557003.286572993
2021-07-11,21905001.109741684
2021-07-12,21258402.378354985
2021-07-13,20621561.164351538
2021-07-14,20738221.147196442
2021-07-15,19936476.94245121
2021-07-16,19010598.81961962
2021-07-17,19270940.88895188
2021-07-18,19245876.744111445
2021-07-19,18174699.626534455
2021-07-20,17391234.202854294
2021-07-21,19232703.97087325
2021-07-22,19690276.40487208
2021-07-23,20239859.718621243
2021-07-24,20510260.594352093
2021-07-25,20604892.936534163
2021-07-26,21036445.3407697
2021-07-27,21636108.900256023
2021-07-28,22150021.032113586
2021-07-29,22700468.242084812
2021-07-30,23361534.391780566
2021-07-31,23984854.20469491
2021-08-01,23676001.605915368
2021-08-02,23609125.88340981
2021-08-03,23230419.362966005
2021-08-04,24356378.064483084
2021-08-05,24701865.0086324
2021-08-06,25590846.78297725
2021-08-07,27499292.800007477
2021-08-08,26182672.88611175
2021-08-09,27668533.995923027
2021-08-10,28437075.811610844
2021-08-11,29707694.117081728
2021-08-12,29185559.753612723
2021-08-13,32091265.741524752
2021-08-14,32649015.206233494
2021-08-15,34112201.27064079
2021-08-16,33929945.1097797
2021-08-17,33467200.4515148
2021-08-18,35306426.88929719
2021-08-19,37671609.29317282
2021-08-20,40168538.69842514
2021-08-21,39770506.70898291
2021-08-22,40330437.88029948
2021-08-23,41793512.554848306
2021-08-24,39990131.289916694
2021-08-25,40316191.51593651
2021-08-26,37968710.13245344
2021-08-27,42002782.2396291
2021-08-28,41751275.9000952
2021-08-29,41177584.514497265
2021-08-30,40492785.1490049
2021-08-31,41905787.11318991
2021-09-01,44235418.958384104
2021-09-02,45489184.46606822
2021-09-03,47425680.61938073
2021-09-04,46843067.219679825
2021-09-05,48672087.831041574
2021-09-06,49115410.32545455
2021-09-07,42356822.32112143
2021-09-08,42487246.206142
2021-09-09,43154350.893083654
2021-09-10,42427098.66735766
2021-09-11,44252129.23267202
2021-09-12,45632274.13992112
2021-09-13,43574964.03234198
2021-09-14,44353923.437191024
2021-09-15,45872716.268830955
2021-09-16,45679272.323152855
2021-09-17,44556857.58500953
2021-09-18,45708907.03045746
2021-09-19,44349827.62323807
2021-09-20,39026231.00169465
2021-09-21,37194498.59317868
2021-09-22,42455348.79180849
2021-09-23,43364267.308116175
2021-09-24,40695118.825771764
2021-09-25,40144522.7698001
2021-09-26,39863833.62458794
2021-09-27,38850787.96768399
2021-09-28,37489411.039753065
2021-09-29,38799307.21918807
2021-09-30,40403966.803711854
2021-10-01,44032026.04889683
2021-10-02,44397617.43536434
2021-10-03,44818541.23074627
2021-10-04,44465294.921111226
2021-10-05,45539841.692825004
2021-10-06,45466393.85857895
2021-10-07,45678672.02552768
2021-10-08,45292499.699534714
2021-10-09,46402660.05725899
2021-10-10,44410380.84704996
2021-10-11,44810704.85983856
2021-10-12,44754152.93802028
2021-10-13,46554234.08787964
2021-10-14,46941911.28443004
2021-10-15,48510216.4404141
2021-10-16,47937272.054795355
2021-10-17,47795668.5287467
2021-10-18,47723247.266710736
2021-10-19,48230710.77522161
2021-10-20,51174897.96167231
2021-10-21,49923097.94464124
2021-10-22,50293435.30130936
2021-10-23,51050053.7708749
2021-10-24,50847943.59231375
2021-10-25,52235564.61434741
2021-10-26,51458458.97553974
2021-10-27,47373545.57545814
2021-10-28,51093540.65473752
2021-10-29,52436144.119906075
2021-10-30,51099073.75986601
2021-10-31,51744438.831475854
2021-11-01,52816589.61825763
2021-11-02,54624156.03681539
2021-11-03,56806616.56760689
2021-11-04,56361789.28328919
2021-11-05,55580376.3974153
2021-11-06,56869114.226810016
2021-11-07,58341413.71738207
2021-11-08,61064929.50230782
2021-11-09,61031375.020370856
2021-11-10,58421606.2848453
2021-11-11,59167216.37303747
2021-11-12,58001033.332064375
2021-11-13,59774116.07685182
2021-11-14,60078110.507171206
2021-11-15,58708531.9143815
2021-11-16,54736080.1530785
2021-11-17,55615964.901420526
2021-11-18,51473573.041792445
2021-11-19,54931841.71189689
2021-11-20,56753904.594511844
2021-11-21,55908370.24095208
2021-11-22,54062203.04797498
2021-11-23,55161613.21174847
2021-11-24,53129501.50240405
2021-11-25,54967048.82170845
2021-11-26,49444799.1781659
2021-11-27,50369840.84945074
2021-11-28,51566478.49995037
2021-11-29,53121276.94480823
2021-11-30,53439546.042375416
2021-12-01,53619526.533891656
2021-12-02,53176037.01216112
2021-12-03,50135797.59723041
2021-12-04,45696156.786859274
2021-12-05,44417468.11905563
2021-12-06,45714821.0783559
2021-12-07,45541728.70430014
2021-12-08,46570910.825996034
2021-12-09,43476408.19639638
2021-12-10,41656060.04770927
2021-12-11,43886599.4355959
2021-12-12,44420548.451744
2021-12-13,40485364.73524735
2021-12-14,42685654.176159576
2021-12-15,44421804.129090644
2021-12-16,43085789.906077236
2021-12-17,42767891.76028143
2021-12-18,43989054.633434296
2021-12-19,43507891.392758004
2021-12-20,43610810.718524806
2021-12-21,45257538.25855423
2021-12-22,45616083.02834378
2021-12-23,48175937.56018035
2021-12-24,46910064.90426501
2021-12-25,47450042.67027868
2021-12-26,47859823.549371615
2021-12-27,48014203.42124832
2021-12-28,44519845.10650395
2021-12-29,43016344.94943392
2021-12-30,43664716.55924679
2021-12-31,43327510.549892396
2022-01-01,44996409.35274452
2022-01-02,45199522.63613447
2022-01-03,44073462.393489026
2022-01-04,43336198.18394218
2022-01-05,40568063.980465285
2022-01-06,40396412.82028018
2022-01-07,38236927.45713676
2022-01-08,37503034.74788274
2022-01-09,38028684.98506885
2022-01-10,36800136.86398596
2022-01-11,38820086.51993473
2022-01-12,41225498.612422585
2022-01-13,39853511.9369888
2022-01-14,41161046.245698825
2022-01-15,41504200.56773704
2022-01-16,41719562.68713154
2022-01-17,40964501.0985585
2022-01-18,39978464.12607616
2022-01-19,38598325.32973841
2022-01-20,37030034.01538239
2022-01-21,32446236.33717815
2022-01-22,30140152.087134596
2022-01-23,31737881.240513593
2022-01-24,30646038.406993445
2022-01-25,31231322.130888935
2022-01-26,31012348.720188722
2022-01-27,30789189.47150826
2022-01-28,31268676.631370787
2022-01-29,32003242.20678412
2022-01-30,31203108.074367356
2022-01-31,32045862.01728312
2022-02-01,33173536.919849575
2022-02-02,31437368.30995132
2022-02-03,31843279.56528842
2022-02-04,34821300.31981328
2022-02-05,35099135.840352386
2022-02-06,35998586.46275465
2022-02-07,38181827.25328982
2022-02-08,37701960.53194655
2022-02-09,38494404.936952285
2022-02-10,36988768.77823448
2022-02-11,34655646.29773154
2022-02-12,34845358.985519305
2022-02-13,34380627.862051874
2022-02-14,34760006.29100489
2022-02-15,37294380.135587335
2022-02-16,36682379.017444044
2022-02-17,33956695.60011952
2022-02-18,33329524.540568173
2022-02-19,33669159.85739561
2022-02-20,32046235.337403692
2022-02-21,29956024.683678683
2022-02-22,31071855.985102586
2022-02-23,30297489.716315333
2022-02-24,30534565.26889757
2022-02-25,32148369.75371951
2022-02-26,32085322.0972786
2022-02-27,30629555.428654794
2022-02-28,34089322.1543083
2022-03-01,34410759.32496155
2022-03-02,33975526.22127599
2022-03-03,32953898.993705694
2022-03-04,30746675.42047846
2022-03-05,31513554.33222757
2022-03-06,30317296.012054443
2022-03-07,29700286.94437973
2022-03-08,30160274.282089658
2022-03-09,31907396.794774625
2022-03-10,30368297.406922825
2022-03-11,30424787.06510326
2022-03-12,30488104.711653825
2022-03-13,29560352.509030987
2022-03-14,30410729.505628645
2022-03-15,30473750.303410888
2022-03-16,31991545.23934325
2022-03-17,32192517.578655817
2022-03-18,33012873.369812995
2022-03-19,33967512.08263646
2022-03-20,32940624.846858382
2022-03-21,33372121.686372176
2022-03-22,34378730.27950689
2022-03-23,35595049.25435965
2022-03-24,36616381.90118305
2022-03-25,35740287.3815273
2022-03-26,36521255.17690434
2022-03-27,38239842.90108683
2022-03-28,38024914.02720937
2022-03-29,38747453.72356572
2022-03-30,39221763.97001139
2022-03-31,38068610.70493877
2022-04-01,39234713.273572795
2022-04-02,38979529.9140558
2022-04-03,40081761.943845935
2022-04-04,39733766.9908657
2022-04-05,39326806.69055703
2022-04-06,35806378.89755463
2022-04-07,36902408.12439848
2022-04-08,35462859.70503375
2022-04-09,36031541.25677634
2022-04-10,35464161.82712866
2022-04-11,32527557.903224938
2022-04-12,33480776.357107814
2022-04-13,34389687.010770716
2022-04-14,33648419.21508057
2022-04-15,34382359.328969985
2022-04-16,34486822.21506801
2022-04-17,33398458.241092976
2022-04-18,34169133.510073006
2022-04-19,34989430.20743386
2022-04-20,34508749.856048375
2022-04-21,33336782.081227098
2022-04-22,33073989.32674413
2022-04-23,32800517.259247314
2022-04-24,32467803.13585151
2022-04-25,33464708.880447894
2022-04-26,31132690.85270428
2022-04-27,31760765.994711682
2022-04-28,31867746.664544225
2022-04-29,30614182.023554027
2022-04-30,28748601.787256017
2022-05-01,29910298.987467453
2022-05-02,29877282.706774995
2022-05-03,29402765.315557495
2022-05-04,31839290.45373875
2022-05-05,29081298.752390765
2022-05-06,28724062.537146468
2022-05-07,27940489.82051569
2022-05-08,27002593.65050238
2022-05-09,22494795.83992642
2022-05-10,23838444.212200757
2022-05-11,19543371.2252859
2022-05-12,18585524.074747864
2022-05-13,20085349.667547584
2022-05-14,20749668.76096451
2022-05-15,22053012.43750183
2022-05-16,20536746.114308707
2022-05-17,21407304.655133095
2022-05-18,19309128.908001482
2022-05-19,20333874.04346221
2022-05-20,19602663.69135516
2022-05-21,19991275.29205253
2022-05-22,20574505.55956568
2022-05-23,19726120.257588185
2022-05-24,20011594.52272133
2022-05-25,19579636.80425376
2022-05-26,18205854.24316107
2022-05-27,17830966.93877957
2022-05-28,18463755.3762199
2022-05-29,18821824.71815295
2022-05-30,20324275.277166523
2022-05-31,20233728.88027037
2022-06-01,18574778.33019047
2022-06-02,19120923.481153823
2022-06-03,18331601.776770044
2022-06-04,18661444.98172385
2022-06-05,18565986.07573506
2022-06-06,19285426.70227658
2022-06-07,18860077.86100267
2022-06-08,18644075.41473614
2022-06-09,18684420.37308449
2022-06-10,17575434.603074055
2022-06-11,16415049.612395134
2022-06-12,15059106.266252289
2022-06-13,13549031.639975235
2022-06-14,13884907.051593442
2022-06-15,15177625.903126406
2022-06-16,13356500.084559767
2022-06-17,13679105.76559011
2022-06-18,13003955.067958863
2022-06-19,14248395.225459049
2022-06-20,14401313.145691775
2022-06-21,14605170.81476596
2022-06-22,13956613.922807971
2022-06-23,14953578.865223099
2022-06-24,15811907.09161216
2022-06-25,16046727.02571244
2022-06-26,15607324.117227793
2022-06-27,15415655.071222777
2022-06-28,14625726.2323976
2022-06-29,14435527.21234104
2022-06-30,14243534.500146683
2022-07-01,13806561.944800971
2022-07-02,13896386.426442385
2022-07-03,13997496.41263712
2022-07-04,14707755.565647552
2022-07-05,14390480.509365674
2022-07-06,14806322.376001196
2022-07-07,15368954.548071228
2022-07-08,15127842.764936438
2022-07-09,15352258.424310172
2022-07-10,14751017.045663565
2022-07-11,13844108.718629962
2022-07-12,13410504.833799712
2022-07-13,14163024.828344686
2022-07-14,14667867.34211335
2022-07-15,14752520.286133848
2022-07-16,15571547.096177246
2022-07-17,15287430.743608294
2022-07-18,16818753.359446328
2022-07-19,17149340.068765216
2022-07-20,16673735.546736693
2022-07-21,16994113.851140648
2022-07-22,16431269.31198087
2022-07-23,16536892.906106252
2022-07-24,16711696.5440058
2022-07-25,15336179.290397512
2022-07-26,15335058.847628828
2022-07-27,16866224.85539066
2022-07-28,17515529.319229532
2022-07-29,17582486.590118594
2022-07-30,17706090.046625342
2022-07-31,17489951.76202442
2022-08-01,17293663.075181596
2022-08-02,16917643.992469978
2022-08-03,16939089.27880439
2022-08-04,17138675.876217008
2022-08-05,17923382.011439364
2022-08-06,17764463.98350827
2022-08-07,18046759.671103474
2022-08-08,18528252.329074096
2022-08-09,17936714.100300297
2022-08-10,18806016.835136198
2022-08-11,18675705.455237925
2022-08-12,19144716.84603534
2022-08-13,19256743.825903483
2022-08-14,19185319.700935487
2022-08-15,18773118.762579653
2022-08-16,18947989.68377244
2022-08-17,18269519.915993582
2022-08-18,17738873.50087121
2022-08-19,16021428.375845088
2022-08-20,16039810.921309222
2022-08-21,16492086.10683578
2022-08-22,16410553.226235488
2022-08-23,16627482.686425341
2022-08-24,16424458.644721795
2022-08-25,16596257.638550153
2022-08-26,15303697.843027849
2022-08-27,15283373.086241849
2022-08-28,14810833.65074314
2022-08-29,15534652.59297828
2022-08-30,15193243.197580168
2022-08-31,15216964.165571857
2022-09-01,15497632.157609068
2022-09-02,15493027.585613009
2022-09-03,15546576.646544682
2022-09-04,15786686.441609543
2022-09-05,15795752.98857464
2022-09-06,14876285.479090318
2022-09-07,15566076.743729543
2022-09-08,15707868.806715308
2022-09-09,16570299.68086697
2022-09-10,16805844.517654072
2022-09-11,16734478.072149055
2022-09-12,16868037.58934307
2022-09-13,15504919.583927916
2022-09-14,15856034.561938116
2022-09-15,15134932.65975446
2022-09-16,15266526.373409294
2022-09-17,15712267.227075238
2022-09-18,14568807.101341823
2022-09-19,14927574.363802115
2022-09-20,14711074.321841724
2022-09-21,14349683.17881821
2022-09-22,15367831.893767014
2022-09-23,15670743.802838374
2022-09-24,15376259.131578596
2022-09-25,15174045.624050112
2022-09-26,15405020.391301671
2022-09-27,15105258.997796185
2022-09-28,15229911.628764192
2022-09-29,15474749.7496366
2022-09-30,15356340.901128033
2022-10-01,15171846.963160813
2022-10-02,14848730.432165792
2022-10-03,15273283.121688573
2022-10-04,15792134.887044761
2022-10-05,15704957.887087757
2022-10-06,15507181.848657265
2022-10-07,15403297.178819234
2022-10-08,15282440.050914189
2022-10-09,15463658.103084696
2022-10-10,14903750.597695446
2022-10-11,14731741.45508432
2022-10-12,14738963.42934249
2022-10-13,14594413.270879991
2022-10-14,14511909.551971463
2022-10-15,14373493.129572645
2022-10-16,14581952.719129434
2022-10-17,14814673.660904499
2022-10-18,14571199.946533833
2022-10-19,14218309.492224311
2022-10-20,14085275.67440344
2022-10-21,14256105.08503768
2022-10-22,14317959.679463156
2022-10-23,14703257.15532106
2022-10-24,14408299.01284159
2022-10-25,15354043.617316224
2022-10-26,15901580.60185799
2022-10-27,15677672.548109332
2022-10-28,16314797.949300263
2022-10-29,17335795.879072502
2022-10-30,17150992.393569715
2022-10-31,17397076.907909993
2022-11-01,17463653.198052987
2022-11-02,17037460.36212614
2022-11-03,17157988.389173023
2022-11-04,18501031.71967537
2022-11-05,18648652.507206008
2022-11-06,17719601.44536011
2022-11-07,17500531.641928654
2022-11-08,15335659.929799179
2022-11-09,12479250.736588726
2022-11-10,14623032.58706484
2022-11-11,14083231.722263427
2022-11-12,13607547.85463266
2022-11-13,13123635.213097986
2022-11-14,13453297.859293263
2022-11-15,13668186.879174352
2022-11-16,13378758.718928168
2022-11-17,13358356.223347677
2022-11-18,13384369.35988919
2022-11-19,13356983.561761808
2022-11-20,12689972.825577985
2022-11-21,12377438.221495273
2022-11-22,12982385.44605212
2022-11-23,13784202.07181008
2022-11-24,13859438.036107872
2022-11-25,13819851.501166381
2022-11-26,13882378.510988524
2022-11-27,13972676.872553166
2022-11-28,13570278.839593552
2022-11-29,13871923.605383331
2022-11-30,14459393.960995683
2022-12-01,14121779.9421256
2022-12-02,14337475.705087606
2022-12-03,14058012.264985146
2022-12-04,14344356.68502793
2022-12-05,14252271.644052973
2022-12-06,14326442.244544243
2022-12-07,13871223.322401816
2022-12-08,14179757.598307217
2022-12-09,14002084.267964445
2022-12-10,14000901.826767873
2022-12-11,13785074.532819714
2022-12-12,13740417.415470127
2022-12-13,14077163.347636914
2022-12-14,13897933.71279581
2022-12-15,13547570.679533277
2022-12-16,12255193.492421033
2022-12-17,12459117.25001809
2022-12-18,12425701.445285955
2022-12-19,11955454.185863577
2022-12-20,12377580.193258347
2022-12-21,12216392.032497609
2022-12-22,12310372.22163872
2022-12-23,12314007.607325155
2022-12-24,12252492.518023632
2022-12-25,12265793.25815446
2022-12-26,12429884.064280692
2022-12-27,12265273.896107623
2022-12-28,11782726.67098107
2022-12-29,11725204.768583583
2022-12-30,11743927.811879955
2022-12-31,11794101.207613965
2023-01-01,11842301.36137876
2023-01-02,12216166.200249186
2023-01-03,12458573.05125574
2023-01-04,12822253.337158523
2023-01-05,12689044.942314787
2023-01-06,12872604.988452962
2023-01-07,12822650.832972225
2023-01-08,13306581.960478257
2023-01-09,13711986.205802266
2023-01-10,13893091.201774692
2023-01-11,14596269.506913863
2023-01-12,14831615.59664974
2023-01-13,15433499.15467126
2023-01-14,16601766.64510911
2023-01-15,16363548.05625296
2023-01-16,16337668.891313868
2023-01-17,16339400.631043311
2023-01-18,15557598.947457176
2023-01-19,15970106.611887682
2023-01-20,17230116.5254012
2023-01-21,16947666.43154705
2023-01-22,17066609.563697282
2023-01-23,17402552.24933
2023-01-24,16693230.601767067
2023-01-25,17281890.722226456
2023-01-26,17245675.24290476
2023-01-27,17706737.904999156
2023-01-28,17495084.68207691
2023-01-29,18185204.65904586
2023-01-30,17295991.92057819
2023-01-31,17728162.06349176
2023-02-01,18250048.981859423
2023-02-02,18165519.941338632
2023-02-03,18497727.8840261
2023-02-04,18397458.619753107
2023-02-05,17905315.780527737
2023-02-06,17576118.210835446
2023-02-07,18322259.06967121
2023-02-08,17967726.82801889
2023-02-09,16572964.070931906
2023-02-10,16462410.444857884
2023-02-11,16733586.704138717
2023-02-12,16630572.74595586
2023-02-13,16373068.327195557
2023-02-14,16916705.72408431
2023-02-15,18223067.06148916
2023-02-16,17342073.9672086
2023-02-17,18146333.04326366
2023-02-18,18212263.065567724
2023-02-19,18184166.382574737
2023-02-20,18574993.4926788
2023-02-21,18142846.508523416
2023-02-22,18005109.626889218
2023-02-23,17774234.920465987
2023-02-24,17086205.21583892
2023-02-25,16965168.962609403
2023-02-26,17332568.22217658
2023-02-27,17121430.06123547
2023-02-28,16761009.08821174
2023-03-01,17196052.608962793
2023-03-02,16883766.184352137
2023-03-03,16270605.244036414
2023-03-04,16029623.482855018
2023-03-05,16030519.345575264
2023-03-06,15957705.505678214
2023-03-07,15875443.16142678
2023-03-08,15329628.074829094
2023-03-09,14533318.794046823
2023-03-10,14577265.475026349
2023-03-11,14472512.981815353
2023-03-12,15595943.839960223
2023-03-13,16267523.00920614
2023-03-14,16556796.81930702
2023-03-15,15687229.4932898
2023-03-16,16139768.667451875
2023-03-17,17346347.89351413
2023-03-18,16851279.886896748
2023-03-19,17258789.017442532
2023-03-20,16699711.039209507
2023-03-21,17819356.43331836
2023-03-22,17190016.622934308
2023-03-23,17952014.11202317
2023-03-24,17332051.542253796
2023-03-25,17245358.35131798
2023-03-26,17532993.17085529
2023-03-27,17084060.29311829
2023-03-28,17546772.482365537
2023-03-29,18037598.52531948
2023-03-30,17824573.10929753
2023-03-31,18251041.63684282
2023-04-01,18291298.70999433
2023-04-02,18035179.450902764
2023-04-03,18364570.980047166
2023-04-04,18577922.776558284
2023-04-05,18644481.79244501
2023-04-06,18285610.103729498
2023-04-07,18136272.417457562
2023-04-08,18007676.70287104
2023-04-09,18185798.313083135
2023-04-10,18651037.408939667
2023-04-11,18944415.969596617
2023-04-12,18929811.64288074
2023-04-13,19515097.030323382
2023-04-14,19895827.963402566
2023-04-15,19916297.654374182
2023-04-16,20365038.06221311
2023-04-17,20033925.07337632
2023-04-18,20548325.52571797
2023-04-19,18924805.62931688
2023-04-20,18483291.10168818
2023-04-21,17644967.96810323
2023-04-22,18095689.21759914
2023-04-23,17883860.538290057
2023-04-24,17850377.216986828
2023-04-25,18281399.048953753
2023-04-26,18017859.62934613
2023-04-27,18436036.20969845
2023-04-28,18456738.591407668
2023-04-29,18510069.968520723
2023-04-30,18270725.37060773
2023-05-01,17825703.074871924
2023-05-02,17971933.658365685
2023-05-03,18151130.570367087
2023-05-04,17918251.205392234
2023-05-05,18379869.528210767
2023-05-06,17701084.056915663
2023-05-07,17558240.988765724
2023-05-08,16832309.001140226
2023-05-09,16852885.470333744
2023-05-10,17001960.921567347
2023-05-11,16592797.358694283
2023-05-12,16795346.86495302
2023-05-13,16688240.957779165
2023-05-14,16838383.254265506
2023-05-15,16932368.17380618
2023-05-16,17016010.28860563
2023-05-17,17335361.629009996
2023-05-18,17036657.90757954
2023-05-19,17103203.37244777
2023-05-20,17141627.95591824
2023-05-21,16837640.41816765
2023-05-22,16964326.702061497
2023-05-23,17160901.017206654
2023-05-24,16592916.453361763
2023-05-25,16589579.426916078
2023-05-26,16761218.061468352
2023-05-27,17020883.22934905
2023-05-28,17522333.277951904
2023-05-29,17396974.67303486
2023-05-30,17544606.119751886
2023-05-31,17263816.649909504
2023-06-01,17139486.100192737
2023-06-02,17533426.38728361
2023-06-03,17516095.864009965
2023-06-04,17602120.65496953
2023-06-05,16458909.181636639
2023-06-06,17044271.636622652
2023-06-07,16237332.665269626
2023-06-08,16316200.443164757
2023-06-09,16093682.269881317
2023-06-10,14677994.122980993
2023-06-11,14682191.39795129
2023-06-12,14631152.14158383
2023-06-13,14756444.061130505
2023-06-14,14180449.418731522
2023-06-15,14231509.789379746
2023-06-16,14457609.392919404
2023-06-17,14625934.679597484
2023-06-18,14552655.13268056
2023-06-19,14711116.166243937
2023-06-20,15148914.020367006
2023-06-21,15788797.910353815
2023-06-22,15648854.118659448
2023-06-23,16151149.898717651
2023-06-24,15831187.845528707
2023-06-25,16007903.087029245
2023-06-26,15627995.380099798
2023-06-27,15833238.68034406
2023-06-28,15135658.294695267
2023-06-29,15586710.911947927
2023-06-30,16461615.539351087
2023-07-01,16606395.728405854
2023-07-02,16862876.788644165
2023-07-03,16849668.424789116
2023-07-04,16654090.119823564
2023-07-05,16337560.713919856
2023-07-06,15902757.106133416
2023-07-07,16325269.909716872
2023-07-08,16506687.544045081
2023-07-09,16323700.118408447
2023-07-10,16508070.426406285
2023-07-11,16626233.941550687
2023-07-12,16460138.342909716
2023-07-13,19110881.00785443
2023-07-14,18443959.79176254
2023-07-15,18600809.658277262
2023-07-16,18328679.62879597
2023-07-17,18251354.90515082
2023-07-18,18031551.62776854
2023-07-19,18332414.14384263
2023-07-20,18250410.707548037
2023-07-21,18358545.67424468
2023-07-22,17906247.225609336
2023-07-23,18108718.857701547
2023-07-24,17595765.30197316
2023-07-25,17803238.10510493
2023-07-26,17967465.750925764
2023-07-27,17932418.414792918
2023-07-28,17957355.956147596
2023-07-29,18152088.538511854
2023-07-30,17967174.500503402
2023-07-31,17738072.844011854
2023-08-01,17981900.895130012
2023-08-02,17369519.869836383
2023-08-03,17077139.477149893
2023-08-04,17010761.25352728
2023-08-05,17066941.827697746
2023-08-06,17067911.691283055
2023-08-07,17005424.580444627
2023-08-08,17372811.442651976
2023-08-09,17396092.516017046
2023-08-10,17285256.128613017
2023-08-11,17245800.78636199
2023-08-12,17276018.524142545
2023-08-13,17081828.646025605
2023-08-14,17209182.20450077
2023-08-15,16670058.708266404
2023-08-16,16112515.94205167
2023-08-17,14806230.428028028
2023-08-18,14868450.670325508
2023-08-19,15008827.02169242
2023-08-20,15112599.239773644
2023-08-21,14838935.021930631
2023-08-22,14656455.876350682
2023-08-23,15011658.384479605
2023-08-24,14819552.810880993
2023-08-25,14768230.060595337
2023-08-26,14733656.89497998
2023-08-27,14838314.758582776
2023-08-28,14917500.144270085
2023-08-29,15527930.605435649
2023-08-30,15174038.131942015
2023-08-31,14527712.052101236
2023-09-01,14371750.414707432
2023-09-02,14450562.762711903
2023-09-03,14447453.22541383
2023-09-04,14437041.965794351
2023-09-05,14507581.955539608
2023-09-06,14453267.748713262
2023-09-07,14582196.01425653
2023-09-08,14431863.296000767
2023-09-09,14388635.693640258
2023-09-10,14049396.114542753
2023-09-11,13610938.244090859
2023-09-12,13798125.169564947
2023-09-13,13975253.029917475
2023-09-14,14147230.011474077
2023-09-15,14338075.302541358
2023-09-16,14319567.640053695
2023-09-17,14117998.567754554
2023-09-18,14335426.644263674
2023-09-19,14529310.037339307
2023-09-20,14418630.979881963
2023-09-21,14087824.361948403
2023-09-22,14117291.000831837
2023-09-23,14137390.458326526
2023-09-24,13964716.23937659
2023-09-25,14090981.740704987
2023-09-26,14047037.039947422
2023-09-27,14017274.872110035
2023-09-28,14376015.86260759
2023-09-29,14449836.9378535
2023-09-30,14566982.937726844
2023-10-01,15179105.524352957
2023-10-02,14762343.685351975
2023-10-03,14825030.377474703
2023-10-04,14846906.241682481
2023-10-05,14722390.8233675
2023-10-06,14998962.76096667
2023-10-07,14880967.832309121
2023-10-08,14775393.597078878
2023-10-09,14295015.789033717
2023-10-10,14257420.395690082
2023-10-11,14060466.964052984
2023-10-12,13868277.485613964
2023-10-13,13977243.015790425
2023-10-14,14043937.516773378
2023-10-15,14081496.37881127
2023-10-16,14500386.705116646
2023-10-17,14257061.140142586
2023-10-18,14095016.445255518
2023-10-19,14394864.290514506
2023-10-20,14731322.014940346
2023-10-21,15170703.929444104
2023-10-22,15374701.274527343
2023-10-23,16479871.820652999
2023-10-24,16332994.150870107
2023-10-25,16564640.45277788
2023-10-26,16768528.226809487
2023-10-27,16420439.63747792
2023-10-28,16572487.340173151
2023-10-29,16893463.314835634
2023-10-30,17241623.820248067
2023-10-31,17330156.556378465
2023-11-01,17936511.292838052
2023-11-02,17813047.73707555
2023-11-03,17871610.48749713
2023-11-04,18194864.03192635
2023-11-05,18574674.753387865
2023-11-06,19381308.59765957
2023-11-07,19053099.380967963
2023-11-08,19231246.722854592
2023-11-09,19653958.227621272
2023-11-10,20592604.84377455
2023-11-11,21079151.366642628
2023-11-12,21327925.339647353
2023-11-13,20295091.695534635
2023-11-14,20257379.15827945
2023-11-15,21831094.75263976
2023-11-16,21138260.44992339
2023-11-17,21337646.378092162
2023-11-18,21245926.290851403
2023-11-19,21708840.32077024
2023-11-20,21205821.70089536
2023-11-21,19724561.47560206
2023-11-22,21005932.238336235
2023-11-23,21020526.341148652
2023-11-24,21220440.463293776
2023-11-25,21501423.693993058
2023-11-26,21237034.223633148
2023-11-27,20801592.796176076
2023-11-28,21213605.942006618
2023-11-29,21183725.75984612
2023-11-30,21377157.1806198
2023-12-01,21687263.594687194
2023-12-02,22213223.12831728
2023-12-03,22184705.05993118
2023-12-04,22715608.268363483
2023-12-05,23328979.35170071
2023-12-06,23596157.816354927
2023-12-07,24197354.987431705
2023-12-08,26063824.563837416
2023-12-09,26092281.658373367
2023-12-10,26947606.356735747
2023-12-11,25647701.8461505
2023-12-12,25898722.741301976
2023-12-13,26908722.531982955
2023-12-14,27143615.37303339
2023-12-15,26118027.080138642
2023-12-16,26618963.385711778
2023-12-17,25828251.642461084
2023-12-18,26239942.310324892
2023-12-19,25874860.227980565
2023-12-20,26844129.154190946
2023-12-21,28508686.8106882
2023-12-22,28592173.93431763
2023-12-23,28992600.283061385
2023-12-24,28778256.489410844
2023-12-25,29738027.40081188
2023-12-26,29157007.417669456
2023-12-27,29710363.06552063
2023-12-28,29059974.232235864
2023-12-29,28759368.357389603
2023-12-30,28552216.751778577
2023-12-31,28304380.230392408
2024-01-01,29499346.78212448
2024-01-02,29094163.657961886
2024-01-03,27016642.700235512
2024-01-04,27840835.568853527
2024-01-05,27089712.072044015
2024-01-06,26326609.10854882
2024-01-07,25626669.983890723
2024-01-08,27185864.772041164
2024-01-09,26640845.430507317
2024-01-10,28368715.89317823
2024-01-11,28670346.396084007
2024-01-12,27134304.615618896
2024-01-13,27441903.266932536
2024-01-14,26751463.92785441
2024-01-15,27133771.605422683
2024-01-16,27382452.965726342
2024-01-17,27263435.155257918
2024-01-18,26273804.10731062
2024-01-19,26308569.424270604
2024-01-20,26725145.36264763
2024-01-21,26440462.07919707
2024-01-22,24879954.961235095
2024-01-23,24689887.139723174
2024-01-24,24905416.110462207
2024-01-25,24623973.820736893
2024-01-26,25564719.18677637
2024-01-27,25792066.572080422
2024-01-28,25975963.385712016
2024-01-29,26808181.797686294
2024-01-30,26366645.344575677
2024-01-31,25696950.037992332
2024-02-01,25992338.61493036
2024-02-02,26447590.727846604
2024-02-03,26275274.834486667
2024-02-04,25817675.72476934
2024-02-05,25872472.381812494
2024-02-06,26057144.3611156
2024-02-07,26614112.06597138
2024-02-08,27067783.468539257
2024-02-09,27845766.254822504
2024-02-10,28150997.983505752
2024-02-11,28041547.707662143
2024-02-12,28866190.195489347
2024-02-13,28439982.046700247
2024-02-14,29619501.200581964
2024-02-15,30060125.77010239
2024-02-16,29895017.551473025
2024-02-17,29604235.542556465
2024-02-18,30077153.23765509
2024-02-19,30382372.880564153
2024-02-20,30002129.29883348
2024-02-21,29610500.21463127
2024-02-22,29327804.364465024
2024-02-23,29064510.80055154
2024-02-24,29771162.081348587
2024-02-25,29980958.95426708
2024-02-26,31074571.675930988
2024-02-27,31889325.33405189
2024-02-28,33464059.26658815
2024-02-29,33930024.2669168
2024-03-01,35836140.230134256
2024-03-02,37159960.12270811
2024-03-03,37297712.436780415
2024-03-04,38908713.4832557
2024-03-05,35911612.63107486
2024-03-06,38089384.69121118
2024-03-07,39284828.40311455
2024-03-08,39568307.961654074
2024-03-09,40130693.99251648
2024-03-10,39755769.35267071
2024-03-11,43279895.51073384
2024-03-12,42824360.83418156
2024-03-13,44359749.605131224
2024-03-14,44145302.72868794
2024-03-15,43433011.061737314
2024-03-16,40213635.10275918
2024-03-17,42152063.501217365
2024-03-18,41594201.216269694
2024-03-19,37264946.711316414
2024-03-20,40900657.2670383
2024-03-21,40374527.45952004
2024-03-22,39391754.81486105
2024-03-23,39746557.89014004
2024-03-24,41628312.286571026
2024-03-25,42662482.00326559
2024-03-26,42894678.34910557
2024-03-27,42231351.56077127
2024-03-28,43388799.90568501
2024-03-29,44152155.62308328
2024-03-30,43243647.65756307
2024-03-31,44584700.07250701
2024-04-01,42526576.439255044
2024-04-02,40346425.74121995
2024-04-03,39771839.007752985
2024-04-04,40517487.44088092
2024-04-05,39853520.38517581
2024-04-06,40869868.603936456
2024-04-07,41549542.51652013
2024-04-08,42703209.08043155
2024-04-09,40946074.13730104
2024-04-10,41442289.66765006
2024-04-11,41078721.50393056
2024-04-12,36976201.12680588
2024-04-13,33253840.737180866
2024-04-14,35118842.52526867
2024-04-15,34107858.6777086
2024-04-16,33858489.60170472
2024-04-17,33022720.276478134
2024-04-18,34102117.392018594
2024-04-19,34241861.609365925
2024-04-20,36148093.33846103
2024-04-21,35757060.56776463
2024-04-22,37086768.80501631
2024-04-23,36604459.23875884
2024-04-24,35338252.64647178
2024-04-25,35185973.29348531
2024-04-26,34784216.1735344
2024-04-27,34780685.708849244
2024-04-28,34494087.22013961
2024-04-29,34411991.2471458
2024-04-30,32706532.087098695
2024-05-01,33075896.501475375
2024-05-02,33495550.537919994
2024-05-03,34926654.86842407
2024-05-04,35457283.00373113
2024-05-05,35564498.55863293
2024-05-06,35391248.382489815
2024-05-07,34514643.4297199
2024-05-08,34135541.14371125
2024-05-09,35131432.75790948
2024-05-10,33796877.91576957
2024-05-11,33747512.6939351
2024-05-12,33619252.41946647
2024-05-13,33937281.85996375
2024-05-14,33083904.747671112
2024-05-15,35220715.6721978
2024-05-16,34933934.35912165
2024-05-17,36216426.81237389
2024-05-18,36276346.3257548
2024-05-19,35470415.42532611
2024-05-20,38839858.65817333
2024-05-21,38997655.97353055
2024-05-22,38291351.359971784
2024-05-23,37587794.050143324
2024-05-24,37447333.03413412
2024-05-25,37944980.97002187
2024-05-26,37425660.73350498
2024-05-27,38162031.278603144
2024-05-28,37452601.111734554
2024-05-29,37005064.84661442
2024-05-30,36735589.686145574
2024-05-31,36600370.22166892
2024-06-01,36814592.43799443
2024-06-02,36439861.797595546
2024-06-03,36836880.398723595
2024-06-04,37852724.34522969
2024-06-05,38267029.277000256
2024-06-06,37878276.21279623
2024-06-07,36140690.37510235
2024-06-08,35537187.61238779
2024-06-09,35931127.86193766
2024-06-10,35348952.71018346
2024-06-11,34041774.707808256
2024-06-12,35220062.16213009
2024-06-13,33988135.36453082
2024-06-14,33401277.620117236
2024-06-15,33824432.28784405
2024-06-16,34160230.142772295
2024-06-17,33140588.29571393
2024-06-18,31872194.073448442
2024-06-19,32080695.688952807
2024-06-20,31976333.38183412
2024-06-21,31831747.681452777
2024-06-22,31751181.569360036
2024-06-23,31145273.446580376
2024-06-24,30689272.8593984
2024-06-25,31475756.964902226
2024-06-26,31219136.4064646
2024-06-27,32490246.282965045
2024-06-28,31831151.89729651
2024-06-29,31853157.09789577
2024-06-30,32643053.650179956
2024-07-01,32656642.64393997
2024-07-02,33169669.961127687
2024-07-03,31476320.733978212
2024-07-04,28809929.63956341
2024-07-05,28627128.769159287
2024-07-06,30384614.2633439
2024-07-07,28536083.303855304
2024-07-08,29407981.51149208
2024-07-09,29915804.345354542
2024-07-10,30117555.111634217
2024-07-11,29913114.15463238
2024-07-12,30736934.26832054
2024-07-13,31620897.39897889
2024-07-14,32069398.26071021
2024-07-15,33842233.035354294
2024-07-16,33994228.129866235
2024-07-17,33689324.82024418
2024-07-18,33272830.608464517
2024-07-19,34466787.5350297
2024-07-20,35042268.379839055
2024-07-21,36175506.65755853
2024-07-22,35261614.97406521
2024-07-23,34440909.92280189
2024-07-24,34007729.23273325
2024-07-25,33202093.681174964
2024-07-26,34501391.908673905
2024-07-27,34276302.68165759
2024-07-28,34106239.76040717
2024-07-29,33946113.47053467
2024-07-30,33694338.47321292
2024-07-31,32893982.941462398
2024-08-01,32572468.43422569
2024-08-02,30445335.15036208
2024-08-03,29742521.004633278
2024-08-04,28166702.223143928
2024-08-05,25815062.892863955
2024-08-06,27135481.131633636
2024-08-07,27138508.1766864
2024-08-08,29903665.340023972
2024-08-09,29080624.8815286
2024-08-10,29153920.319161177
2024-08-11,27818131.611355618
2024-08-12,28839417.924551573
2024-08-13,29009990.118506905
2024-08-14,28488255.983770493
2024-08-15,27977579.468643226
2024-08-16,28155595.552183107
2024-08-17,28672285.706586305
2024-08-18,28430998.844189607
2024-08-19,29037890.236579992
2024-08-20,29130894.01180076
2024-08-21,29904828.080627486
2024-08-22,30165288.057894967
2024-08-23,31564538.463636592
2024-08-24,31842093.079762567
2024-08-25,31319428.190686874
2024-08-26,30285940.06936183
2024-08-27,28706528.168837775
2024-08-28,28680419.768770322
2024-08-29,28619736.193250183
2024-08-30,28716269.968199696
2024-08-31,28524235.350888096
2024-09-01,27343524.68290117
2024-09-02,28319285.47286757
2024-09-03,27384318.469642084
2024-09-04,27730945.500094857
2024-09-05,27299788.32544929
2024-09-06,26291490.886385184
2024-09-07,26752582.34462651
2024-09-08,27260344.55997091
2024-09-09,28105064.295874815
2024-09-10,28191096.627208516
2024-09-11,28001854.991257228
2024-09-12,28615016.126074973
2024-09-13,29439121.00566132
2024-09-14,29457184.05618754
2024-09-15,28518015.559542507
2024-09-16,28082806.82904923
2024-09-17,28421665.430930395
2024-09-18,28999748.764768194
2024-09-19,29799916.95966015
2024-09-20,30203993.73115949
2024-09-21,30842729.123408694
2024-09-22,30430879.202842023
2024-09-23,30762165.45607842
2024-09-24,31506875.49798328
2024-09-25,30898880.659429207
2024-09-26,32170111.670454267
2024-09-27,32820729.66249767
2024-09-28,32765984.067599583
2024-09-29,32687057.528621957
2024-09-30,31114488.95638685
2024-10-01,29526498.210165996
2024-10-02,28752509.936801616
2024-10-03,28589841.50530819
2024-10-04,29454025.7228458
2024-10-05,29408427.17677248
2024-10-06,29945281.99292396
2024-10-07,29460789.72803098
2024-10-08,29478420.199046288
2024-10-09,28955474.499838166
2024-10-10,28935803.864484932
2024-10-11,29873254.520537537
2024-10-12,30197354.25941464
2024-10-13,30047642.69818171
2024-10-14,31306723.565216273
2024-10-15,31354949.11768078
2024-10-16,31484084.765656393
2024-10-17,31299055.920118593
2024-10-18,31969244.194441754
2024-10-19,32386941.420140468
2024-10-20,33024908.518416118
2024-10-21,32325253.59504959
2024-10-22,32065898.587280918
2024-10-23,31565141.724967577
2024-10-24,31929748.40221828
2024-10-25,30326598.485242818
2024-10-26,30894292.129310522
2024-10-27,31565505.782756303
2024-10-28,32302530.108580463
2024-10-29,33299044.020174697
2024-10-30,32786929.771448314
2024-10-31,31528256.38760712
2024-11-01,31505460.76084578
2024-11-02,31231583.732756577
2024-11-03,30419956.1470256
2024-11-04,30069651.486294944
2024-11-05,30987465.960435882
2024-11-06,33963686.94356873
2024-11-07,34953823.954561114
2024-11-08,35977850.10173995
2024-11-09,37616981.492828526
2024-11-10,40807462.72601024
2024-11-11,44416172.60950622
2024-11-12,43706341.4499896
2024-11-13,43603502.50680244
2024-11-14,43213922.37363922
2024-11-15,46131353.49708475
2024-11-16,48823526.42410163
2024-11-17,47862795.848634794
2024-11-18,49406332.95866923
2024-11-19,49037396.64451031
2024-11-20,48879789.87200224
2024-11-21,51851733.31594602
2024-11-22,56293998.505672604
2024-11-23,58756530.64517316
2024-11-24,58517945.55043415
2024-11-25,55860866.01828068
2024-11-26,55437565.333945855
2024-11-27,58214913.50721145
2024-11-28,58354208.78813892
2024-11-29,61346003.18181648
2024-11-30,61598086.551169716
2024-12-01,64700363.71545114
2024-12-02,67650764.16677645
2024-12-03,67429212.9996077
2024-12-04,68844721.53110315
2024-12-05,67738381.75922632
2024-12-06,70036781.09556127
2024-12-07,70707873.7022357
2024-12-08,71048710.79784672
2024-12-09,62369231.15460437
2024-12-10,62093630.62989781
2024-12-11,65626778.985209584
2024-12-12,66311211.345963106
2024-12-13,67114580.45327966
2024-12-14,65108955.93700427
2024-12-15,66750608.8205898
2024-12-16,65957672.71547154
2024-12-17,66013726.92598645
2024-12-18,60379384.66857009
2024-12-19,56199150.2577175
2024-12-20,57594092.71475591
2024-12-21,55904444.353104256
2024-12-22,54855708.15068839
2024-12-23,57569766.00712483
2024-12-24,59113939.278611936
2024-12-25,58892966.06419111
2024-12-26,55638084.72980376
2024-12-27,55284922.97767152
2024-12-28,56788016.190820254
2024-12-29,55024215.468081504
2024-12-30,54960071.1641785
2024-12-31,55006239.17739752
2025-01-01,57370711.19351338
2025-01-02,59062099.87328278
2025-01-03,62673366.00892972
2025-01-04,62716634.47703819
2025-01-05,62746236.39311872
2025-01-06,63682669.3990039
2025-01-07,58481590.681594186
2025-01-08,57486875.74869369
2025-01-09,55523088.50336553
2025-01-10,56743315.88687648
2025-01-11,57998835.80422981
2025-01-12,57241926.62777007
2025-01-13,56120831.35497186
2025-01-14,58229193.9370992
2025-01-15,63329441.50824477
2025-01-16,63707947.19268559
2025-01-17,66838633.20618569
2025-01-18,65891034.59443921
2025-01-19,61234420.95600568
2025-01-20,61857283.96943154
2025-01-21,63303903.30873175
2025-01-22,62530484.856169
2025-01-23,62043227.89598688
2025-01-24,61868891.49559217
2025-01-25,62598606.20983986
2025-01-26,60478189.58553573
2025-01-27,59647299.21780257
2025-01-28,57724850.53527192
2025-01-29,58843063.959258184
2025-01-30,61224875.036829695
2025-01-31,60811902.895888686
2025-02-01,57354882.74596791
2025-02-02,52292656.14552076
2025-02-03,53504572.66113902
2025-02-04,50118070.324617706
2025-02-05,49317027.9735604
2025-02-06,47980999.06641048
2025-02-07,48281405.23245451
2025-02-08,49152737.39565298
2025-02-09,49128435.931228094
2025-02-10,50517371.003243536
2025-02-11,50715864.51523803
2025-02-12,52762694.19037379
2025-02-13,52366862.87567345
2025-02-14,53269380.487813585
2025-02-15,53063352.17102427
2025-02-16,51984272.61261113
2025-02-17,51673694.773232445
2025-02-18,50343077.09554737
2025-02-19,51418645.50197683
2025-02-20,52211090.294707924
2025-02-21,50651105.38245036
2025-02-22,51505995.677230015
2025-02-23,51170525.06418769
2025-02-24,45603614.8370267
2025-02-25,45936804.12021724
2025-02-26,44883547.815720096
2025-02-27,45325696.04546712
2025-02-28,44886335.72908873
2025-03-01,45066498.06589686
2025-03-02,54115150.81512696
2025-03-03,45700938.48146787
2025-03-04,45909064.45263123
2025-03-05,47421126.252577215
2025-03-06,46658253.917308226
2025-03-07,45121210.86397743
2025-03-08,44701791.76021338
2025-03-09,40856520.18960122
2025-03-10,38299475.5825236
2025-03-11,40445416.31296199
2025-03-12,41309237.25495983
2025-03-13,40489546.72512196
2025-03-14,42048103.81451195
2025-03-15,43040098.67717113
2025-03-16,41390917.46289427
2025-03-17,42388383.88370955
2025-03-18,41907679.680056855
2025-03-19,44081712.296784505
2025-03-20,42675853.40540511
2025-03-21,42546740.90324895
2025-03-22,42506316.68035939
2025-03-23,43251085.83806414
2025-03-24,44835788.01862262
2025-03-25,45435057.22121179
2025-03-26,44611232.20953771
2025-03-27,44678231.2128388
2025-03-28,42266718.01010304
2025-03-29,40685295.21930699
2025-03-30,40356359.25055891
2025-03-31,40135791.7449929
2025-04-01,41365503.52839848
2025-04-02,39138326.08531364
2025-04-03,39552708.58806755
2025-04-04,40239874.19812274
2025-04-05,39792923.19683293
2025-04-06,35693190.115582496
2025-04-07,35811745.58299688
2025-04-08,34479568.41423217
2025-04-09,38332175.78821111
2025-04-10,36839051.562194236
2025-04-11,38185655.999206975
2025-04-12,40094680.87461325
2025-04-13,39117997.41084492
2025-04-14,39232231.78039048
2025-04-15,38124568.632401176
2025-04-16,38272904.126463704
2025-04-17,38695094.54819477
2025-04-18,38873064.197287284
2025-04-19,39566523.77160567
2025-04-20,39348064.99428471
2025-04-21,39574322.803011015
2025-04-22,42794144.02772824
2025-04-23,43125819.90005761
2025-04-24,43552795.46241932
2025-04-25,43487250.62563117
2025-04-26,43667582.992137626
2025-04-27,43129228.376551986
2025-04-28,43514059.60412494
2025-04-29,42960618.87524311
2025-04-30,42419193.25122311
2025-05-01,43650737.946882606
2025-05-02,43438632.33406917
2025-05-03,42789611.164412655
2025-05-04,41840798.12978819
2025-05-05,41780787.761129856
2025-05-06,42640473.68207117
2025-05-07,42345384.8973657
2025-05-08,47225771.10780009
2025-05-09,49153094.02859461
2025-05-10,52912708.95640473
2025-05-11,50970034.428599566
2025-05-12,51574566.555034034
2025-05-13,53006400.10992478
2025-05-14,51594459.280286305
2025-05-15,49803103.21719841
2025-05-16,49571370.69021536
2025-05-17,48516955.97131396
2025-05-18,50338492.7084644
2025-05-19,49240588.84774143
2025-05-20,49334112.41811149
2025-05-21,50570179.59436078
2025-05-22,52600570.22441069
2025-05-23,49467338.25205929
2025-05-24,49677584.60566093
2025-05-25,49969926.39570737
2025-05-26,49814927.20960683
2025-05-27,50313984.02134831
2025-05-28,49973564.51768234
2025-05-29,48481423.02561421
2025-05-30,45768849.71673371
2025-05-31,46000739.74199204
2025-06-01,46237183.93376647
2025-06-02,46692860.6243819
2025-06-03,46566973.71377099
2025-06-04,45723319.29892657
2025-06-05,43106117.61026597
2025-06-06,44514075.2585036
2025-06-07,45484779.67095067
2025-06-08,45772680.22251001
2025-06-09,47775744.86898558
2025-06-10,48769932.02150369
2025-06-11,47683825.238054365
2025-06-12,45396917.05620283
2025-06-13,44693158.583222166
2025-06-14,43958412.399287924
2025-06-15,44457681.354526356
2025-06-16,44550235.58118648
2025-06-17,43504575.95202081
2025-06-18,43339406.67210349
2025-06-19,43213437.00974122
2025-06-20,41840594.68304908
2025-06-21,40504955.60130217
2025-06-22,39586461.62434799
2025-06-23,42455154.50919379
2025-06-24,42826964.80820682
2025-06-25,42316002.99336803
2025-06-26,41600557.010723196
2025-06-27,42049343.71057344
2025-06-28,42785134.74651822
2025-06-29,43769536.9184912
2025-06-30,43206493.671271704
2025-07-01,41676947.02443273
2025-07-02,43941412.29185654
2025-07-03,44370096.81232542
2025-07-04,42939186.48746456
2025-07-05,43089071.86220968
2025-07-06,43905967.39620915
2025-07-07,43406289.36047283
2025-07-08,44126249.126291424
2025-07-09,46009440.50995175
2025-07-10,48721606.99824155
2025-07-11,49514706.1462208
2025-07-12,49212123.26355974
2025-07-13,50119943.68832743
2025-07-14,50438200.3908318
2025-07-15,51178027.14616719
2025-07-16,52899386.99920123
2025-07-17,55202011.46931936
2025-07-18,55539407.277686395
2025-07-19,56963629.530214205
2025-07-20,58919731.461075135
2025-07-21,59856078.714386694
2025-07-22,60904987.38990272
2025-07-23,56773290.15627648
2025-07-24,56083068.21715427
2025-07-25,56754854.35767338
2025-07-26,57109840.800128125
2025-07-27,58668390.488602914
2025-07-28,56476833.92670774
2025-07-29,55862319.19885665
2025-07-30,55109667.24378547
2025-07-31,53446854.09707675
2025-08-01,51644129.24952315
2025-08-02,50248245.83779328
2025-08-03,51887005.51161309
2025-08-04,54443135.56957467
2025-08-05,52823660.30393564
2025-08-06,53609137.1580144
2025-08-07,56508892.67014626
2025-08-08,57178053.619209595
2025-08-09,58052769.53464702
2025-08-10,58047740.9853811
2025-08-11,56410323.74180522
2025-08-12,60202909.86001278
2025-08-13,62070213.391627
2025-08-14,59149421.36853676
2025-08-15,58707769.92840329
2025-08-16,59178131.99422775
2025-08-17,60012113.70999853
2025-08-18,58162315.203538254
2025-08-19,55223294.79712942
2025-08-20,57715658.06667898
2025-08-21,56118946.28140571
2025-08-22,61401366.224455565
2025-08-23,61193359.97825553
2025-08-24,60487951.42195479
2025-08-25,55999028.58035339
2025-08-26,58171558.6279299
2025-08-27,57925313.63737075
2025-08-28,59049658.04636989
2025-08-29,56690129.221528545
2025-08-30,56844261.962407604
2025-08-31,56236060.64783694
2025-09-01,55708899.97736551
2025-09-02,57412830.623644546
2025-09-03,58076707.786914915
2025-09-04,56539892.63267678
2025-09-05,57165535.874839164
2025-09-06,56908037.19376851
2025-09-07,58360706.51237281
2025-09-08,59450188.33444876
2025-09-09,59704444.93917749
2025-09-10,61732768.63520039
2025-09-11,62478601.201564446
2025-09-12,64351522.605143785
2025-09-13,65355494.46919599
2025-09-14,63748885.416879885
2025-09-15,62745755.04104032
2025-09-16,63640434.96101384
2025-09-17,65526717.398217626
2025-09-18,66484917.064692214
2025-09-19,64507217.091458745
2025-09-20,64865407.361811765
2025-09-21,64320117.392705925
2025-09-22,61241488.795062974
2025-09-23,60662141.337601826
2025-09-24,60825798.46924576
2025-09-25,56843178.99509974
2025-09-26,58495102.3217951
2025-09-27,58266093.707657486
2025-09-28,59996090.42678177
2025-09-29,60484222.88254819
2025-09-30,59839280.25694887
2025-10-01,62747854.01919697
2025-10-02,65026593.90366365
2025-10-03,65714546.780497685
2025-10-04,64337495.807372704
2025-10-05,64401323.28066388
2025-10-06,66258586.67057658
2025-10-07,63611572.06955298
2025-10-08,64917724.628336005
2025-10-09,63695187.819744654
2025-10-10,51974330.383851
2025-10-11,51489371.15378865
2025-10-12,56034122.80696223
2025-10-13,57616391.83964458
2025-10-14,55489192.521896414
2025-10-15,53576298.47351496
2025-10-16,51779574.18213663
2025-10-17,50290705.23520313
2025-10-18,51234398.20139174
2025-10-19,52211636.903912134
2025-10-20,52841101.22979861
2025-10-21,51378760.49060755
2025-10-22,50465306.384366535
2025-10-23,51870551.54207857
2025-10-24,52789473.853265524
2025-10-25,53129316.75203017
2025-10-26,55034598.606198914
2025-10-27,54384240.94589599
2025-10-28,52895704.73882939
2025-10-29,52685927.59820805
2025-10-30,50228908.039190255
2025-10-31,50918944.90015465
2025-11-01,51654609.73660079
2025-11-02,51645929.35108987
2025-11-03,46673550.77086226
2025-11-04,44393144.25658862
2025-11-05,46305270.912003376
2025-11-06,45010729.70516295
2025-11-07,48912177.92090617
2025-11-08,48675061.39163045
2025-11-09,49823451.33529649
2025-11-10,50342052.64891995
2025-11-11,47715687.56084327
2025-11-12,47084138.49214843
2025-11-13,45533516.54322325
2025-11-14,44015610.46364136
2025-11-15,44753909.65194571
2025-11-16,43697094.03110488
2025-11-17,42210729.72922828
2025-11-18,43615081.64409814
2025-11-19,42314090.99621704
2025-11-20,40271992.31786372
2025-11-21,38562102.604410484
2025-11-22,38390638.33179458
2025-11-23,38993534.22787434
2025-11-24,40743387.73368122
2025-11-25,40644632.64118296
2025-11-26,41736173.551505305
2025-11-27,41584065.82487339
2025-11-28,40951674.01390586
2025-11-29,40502304.99855925
2025-11-30,39953755.6328054
2025-12-01,37478675.077330865
2025-12-02,40405982.665478356
2025-12-03,42240757.31962782
2025-12-04,41046704.02494723
2025-12-05,39211942.299862124
2025-12-06,39332859.194733
2025-12-07,39411412.93624077
2025-12-08,40086843.525133766
2025-12-09,41808672.76120009
2025-12-10,40914579.39403866
2025-12-11,39947333.025312275
2025-12-12,38971264.468116
2025-12-13,39312184.56890309
2025-12-14,38167742.57942056
2025-12-15,37157321.069395125
2025-12-16,37497042.65311804
2025-12-17,36035121.45645207
2025-12-18,35126357.016224556
2025-12-19,37052992.48573037
2025-12-20,37008778.67287513
2025-12-21,36833384.95554639
2025-12-22,36954572.99836111
2025-12-23,36387217.044412896
2025-12-24,36099464.619271055
2025-12-25,35435965.46354203
2025-12-26,35806586.379185855
2025-12-27,36953587.399021074
2025-12-28,36794789.835812844
2025-12-29,36296676.20547439
2025-12-30,36590322.61367614
2025-12-31,35909316.27828023
2026-01-01,37607167.21464379
2026-01-02,39616386.63654471
2026-01-03,39649499.10370204
2026-01-04,40359108.81613372
2026-01-05,41745768.0669978
2026-01-06,41953891.492175594
2026-01-07,40506705.919042625
2026-01-08,40021185.791604646
2026-01-09,39726885.67570055
2026-01-10,39686003.65081483
2026-01-11,39627211.987441815
2026-01-12,39257260.60307751
2026-01-13,41871814.597439855
2026-01-14,41648733.810592994
2026-01-15,40151613.60553386
2026-01-16,40269977.48382044
2026-01-17,40423635.31181083
2026-01-18,38979746.87911577
2026-01-19,38298432.21613724
2026-01-20,36240521.32224739
2026-01-21,37083265.149348475
2026-01-22,36730264.55376577
2026-01-23,36704494.89880071
2026-01-24,36604984.704454005
2026-01-25,35095041.87201392
2026-01-26,36165276.99922085
2026-01-27,36857434.976988345
2026-01-28,36670892.22972204
2026-01-29,34481156.08451328
2026-01-30,33769521.62382463
2026-01-31,30960842.3704211
2026-02-01,30019940.974345177
2026-02-02,30907975.79350623
2026-02-03,29982345.731704105
2026-02-04,28944491.964816418
2026-02-05,24656411.106323574
2026-02-06,27592912.97528477
2026-02-07,27401466.16653511
2026-02-08,27200265.24537237
2026-02-09,27141355.78251216
2026-02-10,26333096.767684072
2026-02-11,25681027.830721527
2026-02-12,25957734.081379615
2026-02-13,26935095.317827847
2026-02-14,28381415.040555686
2026-02-15,27370426.556700464
2026-02-16,27528860.759468496
2026-02-17,27147257.715545706
2026-02-18,26474309.478698526
2026-02-19,26425751.74225806
2026-02-20,27158656.195479207
2026-02-21,27096650.11765122
2026-02-22,26472809.051561378
2026-02-23,25377522.397023965
2026-02-24,25166879.951262098
2026-02-25,28394934.72429039
2026-02-26,27768793.163474016
2026-02-27,26920474.792311028
2026-02-28,27363313.8393976
2026-03-01,26771334.058240335
2026-03-02,27421617.50364787
2026-03-03,27080646.736119084
2026-03-04,28434454.198177096
2026-03-05,27782998.96333498
2026-03-06,26808478.033645168
2026-03-07,26471883.03263882
2026-03-08,26113239.103323612
2026-03-09,26900992.27047911
2026-03-10,27387048.14598965
2026-03-11,27553961.296702024
2026-03-12,27687075.19272423
2026-03-13,27825394.10725419
2026-03-14,27731041.072255433
2026-03-15,28479022.783107143
2026-03-16,30168415.21334151
2026-03-17,29686538.322335627
2026-03-18,28486040.164710116
2026-03-19,27908879.645770267
2026-03-20,28000086.73613325
2026-03-21,27261763.7517353
2026-03-22,26744498.632193968
2026-03-23,27819252.92967598
2026-03-24,27846979.96631633
2026-03-25,27989415.713040844
2026-03-26,26768937.453197386
2026-03-27,26006381.58756016
2026-03-28,25931291.778761134
2026-03-29,25704570.481243793
2026-03-30,25907133.039857235
2026-03-31,26259478.161892906
2026-04-01,26348361.55296961
2026-04-02,25585331.074876107
2026-04-03,25852758.844673365
2026-04-04,26013091.212904096
2026-04-05,26293907.324140023
2026-04-06,26027552.663914192
2026-04-07,27380889.60026318
2026-04-08,26566054.04384614
2026-04-09,26856914.86426173
2026-04-10,27120456.09586513
2026-04-11,27074390.49193931
2026-04-12,26126047.444668297
2026-04-13,27311995.603078023
2026-04-14,26741637.282527402
2026-04-15,27183477.520965658
2026-04-16,28244559.778221123
2026-04-17,28478879.08598292
2026-04-18,27600327.839005213
2026-04-19,26837266.473901056
2026-04-20,27486512.791866504
2026-04-21,27652297.93623834
2026-04-22,27779516.015100803
2026-04-23,27772907.065475143
2026-04-24,27800003.452906918
2026-04-25,27694184.126509316
2026-04-26,27984637.67003474
2026-04-27,27494709.026461225
2026-04-28,27330816.483029716
2026-04-29,27211699.55941952
2026-04-30,27279115.01154388
2026-05-01,27530449.954266053
2026-05-02,27719224.718541667
2026-05-03,27607715.957003113
2026-05-04,27827671.528396215
2026-05-05,28535748.127640743
2026-05-06,28908816.41982254
2026-05-07,28403473.60615764
2026-05-08,29179334.54783958
2026-05-09,29157167.661393147
2026-05-10,30046774.969280627
2026-05-11,29844114.57157203
2026-05-12,29208713.673283793
2026-05-13,28967826.96593754
2026-05-14,29557763.312122423
2026-05-15,28786465.086657695
2026-05-16,28075870.390562806
2026-05-17,27703887.765489537
2026-05-18,27536193.595688548
2026-05-19,27225034.58724708
2026-05-20,27497571.699583374
2026-05-21,27815786.369672664
2026-05-22,27024729.22448603
2026-05-23,27503200.86492834
2026-05-24,27205930.36392773
2026-05-25,27321435.72151481
2026-05-26,26922865.824303627
2026-05-27,26576423.39654031
2026-05-28,26353354.381772622
2026-05-29,26321625.263851617
2026-05-30,26814359.79854382
2026-05-31,26709145.384898495
2026-06-01,26273131.35174319
2026-06-02,24320882.56882927
2026-06-03,23794840.653540827
2026-06-04,22876372.724872
2026-06-05,21011121.181513
2026-06-06,20838355.96768229
2026-06-07,21859959.195017383
2026-06-08,21938835.979342088
2026-06-09,21491414.595915414
2026-06-10,20954111.97418897
2026-06-11,21786819.748620145
2026-06-12,21749904.962655433
2026-06-13,22164008.293862313
2026-06-14,22724365.1325551
2026-06-15,23017256.748869877
2026-06-16,22798474.791259073
2026-06-17,22387312.38662506
2026-06-18,21674431.44289511
2026-06-19,21503403.700401653
2026-06-20,21909439.978665538
2026-06-21,21509539.36488778
2026-06-22,21648376.766968984
2026-06-23,21096163.63725729
2026-06-24,20576444.174660955
2026-06-25,20110824.292027026
2026-06-26,20579162.002589144
2026-06-27,20275326.949936036
2026-06-28,20213200.857637133
2026-06-29,20626444.236651376
2026-06-30,20220158.52472182
2026-07-01,20691726.488637276
2026-07-02,21322588.65495895
2026-07-03,22167037.607053738
2026-07-04,22425544.373574313
2026-07-05,22498449.337461576
2026-07-06,22367202.073645446
2026-07-07,21770352.92332761
2026-07-08,21266727.28801305
2026-07-09,21389831.240171377
2026-07-10,21771234.14584343
2026-07-11,21530416.51591208
2026-07-12,21365326.240249537
2026-07-13,21060421.448881727
2026-07-14,21902917.05668558
2026-07-15,21860773.18616673
2026-07-16,21482639.953849643
2026-07-17,21533974.008212537
2026-07-18,21675651.765304465
2026-07-19,21628623.213884216
2026-07-20,21863951.74333857
2026-07-21,22129457.013635404
2026-07-22,22101985.73749626
2026-07-23,21490042.213255472
2026-07-24,21264994.693099994
2026-07-25,21591366.689486235
2026-07-26,21989395.195341427
2026-07-27,21060056.9810692
2026-07-28,21282515.508947693
2026-07-29,21184983.803985525
2026-07-30,21466564.24153896
2026-07-31,21085129.808898624
