timestamp,open,high,low,close,volume
2020-10-15,10.0,430.0,10.0,62.5418,1083589.84
2020-10-16,62.5902,75.8725,38.8302,44.348,1696876.76
2020-10-17,44.3512,50.6273,40.3325,42.24,672950.78
2020-10-18,42.2364,42.3136,31.7722,32.4049,593629.16
2020-10-19,32.3569,35.0,29.9321,33.9755,814098.46
2020-10-20,33.9203,34.0,30.1783,31.175,310168.39
2020-10-21,31.1293,31.8875,26.5013,26.5028,455344.06
2020-10-22,26.5197,26.8362,22.6,23.739,703079.84
2020-10-23,23.707,25.7,20.6023,23.8771,832249.99
2020-10-24,23.8806,26.7346,22.257,25.8076,772683.6
2020-10-25,25.7672,39.7777,25.3386,38.6663,1500278.48
2020-10-26,38.7826,40.8939,31.9795,33.7887,1061248.86
2020-10-27,33.854,37.9,32.6056,35.1693,571656.41
2020-10-28,35.1506,36.5,32.6309,33.6161,552030.18
2020-10-29,33.5782,34.1836,31.8001,32.52,614406.89
2020-10-30,32.52,32.52,28.5677,29.2175,956640.96
2020-10-31,29.2173,32.431,28.1306,31.2848,677740.01
2020-11-01,31.3196,31.8877,30.5975,31.6076,334260.05
2020-11-02,31.5645,31.9782,29.36,29.6401,661737.85
2020-11-03,29.6254,29.685,27.9081,28.8364,603170.03
2020-11-04,28.8386,29.5325,28.1668,28.8967,549375.41
2020-11-05,28.8979,30.2522,28.3853,29.3544,628207.45
2020-11-06,29.3518,33.3,29.1761,31.6801,1324665.71
2020-11-07,31.7016,33.3249,29.3275,29.9356,1342540.77
2020-11-08,29.9355,31.1902,29.5915,30.7588,356552.66
2020-11-09,30.7588,32.3992,30.3332,31.2188,678300.25
2020-11-10,31.2116,31.3165,30.2852,30.3614,711348.49
2020-11-11,30.3614,30.9654,29.8457,30.0939,553179.49
2020-11-12,30.1095,30.3338,28.6667,29.4952,602392.94
2020-11-13,29.4851,30.0507,29.0847,29.155,432455.91
2020-11-14,29.16,29.4685,28.4731,29.2753,504114.99
2020-11-15,29.2825,29.3447,27.4413,27.7306,534821.82
2020-11-16,27.7306,28.016,27.1839,27.448,603708.65
2020-11-17,27.4414,30.0167,27.3292,29.111,874683.52
2020-11-18,29.1068,29.7911,27.7213,28.8206,779951.97
2020-11-19,28.8202,29.3398,28.3821,28.8326,369770.07
2020-11-20,28.8452,30.0,28.7314,29.0516,625457.86
2020-11-21,29.0497,31.1452,28.8075,29.9369,1071209.41
2020-11-22,29.9369,30.2187,28.5873,28.9382,685662.82
2020-11-23,28.9279,29.48,28.7314,29.1832,528273.79
2020-11-24,29.1856,31.0,29.0002,29.7757,1081887.21
2020-11-25,29.7589,35.3122,29.5,31.0128,2098325.9
2020-11-26,30.9917,32.0301,28.8302,29.8835,1725341.81
2020-11-27,29.8926,30.5211,29.2857,29.9387,578586.52
2020-11-28,29.9194,30.3754,29.6572,29.943,400740.0
2020-11-29,29.9428,30.2,29.7272,30.0018,271826.75
2020-11-30,30.0193,30.8965,30.0016,30.3751,639113.1
2020-12-01,30.3768,31.9769,29.7195,30.323,819376.45
2020-12-02,30.3229,31.2971,30.1,30.5754,644848.67
2020-12-03,30.5613,30.9001,30.2109,30.4246,468646.74
2020-12-04,30.4205,30.5283,28.9173,29.0085,663311.68
2020-12-05,29.0061,30.1836,28.9174,29.8579,378043.89
2020-12-06,29.8593,30.0782,29.0152,29.3247,309980.14
2020-12-07,29.3252,34.0,29.2744,30.473,1383098.17
2020-12-08,30.4823,30.9461,29.7,29.937,929012.5
2020-12-09,29.9322,31.4006,29.6552,30.5,1331319.47
2020-12-10,30.5001,32.8,30.4599,30.538,1475987.52
2020-12-11,30.538,30.7236,29.814,29.8306,998641.15
2020-12-12,29.8293,30.3438,29.7696,29.9157,475286.21
2020-12-13,29.9156,30.3549,29.8509,29.99,313538.96
2020-12-14,29.9843,30.1557,29.087,29.3347,535083.87
2020-12-15,29.3385,29.793,29.03,29.1237,457502.22
2020-12-16,29.1237,29.5313,27.822,28.416,691678.7
2020-12-17,28.4112,29.4608,28.2832,28.4405,723195.22
2020-12-18,28.4366,28.8596,28.3101,28.4577,352202.43
2020-12-19,28.4601,28.8968,28.0806,28.2008,504450.37
2020-12-20,28.1994,28.4891,27.9342,28.3891,260830.23
2020-12-21,28.3897,28.3967,23.8392,24.9963,1351069.74
2020-12-22,24.992,25.5892,24.4,24.6213,1231062.98
2020-12-23,24.6215,25.0122,21.2126,22.3358,1171948.67
2020-12-24,22.3349,24.4495,21.8151,23.6991,952827.63
2020-12-25,23.683,24.5903,23.12,24.349,1254489.78
2020-12-26,24.3496,24.3785,23.4349,23.5652,318833.86
2020-12-27,23.5656,23.6979,22.2223,22.236,712076.66
2020-12-28,22.2373,23.1026,21.9515,21.9937,583942.93
2020-12-29,21.9946,22.2755,19.959,20.4405,1136091.54
2020-12-30,20.4486,22.0122,20.2212,21.5173,1012089.23
2020-12-31,21.5175,26.2,21.0867,24.3284,1980304.58
2021-01-01,24.3356,25.0,21.8948,22.2169,1975066.69
2021-01-02,22.2144,23.2285,21.3368,21.7766,1085360.74
2021-01-03,21.7669,21.9999,20.9397,21.4253,1149838.47
2021-01-04,21.4398,22.98,20.9816,21.4059,1303846.94
2021-01-05,21.4015,22.4576,21.0014,21.6019,1083908.33
2021-01-06,21.6039,22.5778,21.5218,21.9407,953691.78
2021-01-07,21.9407,22.967,21.7943,22.0598,1291722.6
2021-01-08,22.0566,22.2902,20.8888,21.5989,737513.43
2021-01-09,21.6045,22.6,21.34,22.0071,611335.11
2021-01-10,22.005,24.3442,22.005,23.4251,2178920.9
2021-01-11,23.4136,23.5433,20.9158,21.6398,1485288.51
2021-01-12,21.6451,21.929,20.941,21.0413,813438.12
2021-01-13,21.0435,21.9099,20.9602,21.7131,563074.33
2021-01-14,21.7131,22.3102,21.3824,21.5738,773935.26
2021-01-15,21.5778,22.2463,21.3222,21.5435,821873.19
2021-01-16,21.5391,25.0384,21.5163,22.8433,2154282.19
2021-01-17,22.8426,26.1297,22.4001,24.3442,3324552.24
2021-01-18,24.3355,24.9271,23.51,23.7605,1575697.57
2021-01-19,23.7654,24.2885,22.6451,22.6578,1392163.3
2021-01-20,22.6481,23.1255,21.7,22.339,1313276.86
2021-01-21,22.3399,22.7194,20.9083,21.3251,1091794.57
2021-01-22,21.3251,23.3054,20.7176,22.2845,2190609.41
2021-01-23,22.2926,23.5735,22.13,22.6979,1758652.81
2021-01-24,22.7051,23.1669,22.4088,22.7027,996202.15
2021-01-25,22.7029,23.0362,22.359,22.4279,929176.03
2021-01-26,22.4278,22.75,21.8,22.1876,856507.16
2021-01-27,22.2,22.2239,21.193,21.42,1006804.38
2021-01-28,21.4197,22.0869,21.3011,21.8988,663617.54
2021-01-29,21.8921,22.8761,21.8526,22.3086,1136239.9
2021-01-30,22.308,22.5888,21.9787,22.0354,668206.1
2021-01-31,22.0393,22.6,22.0214,22.2488,703793.37
2021-02-01,22.249,24.0393,22.01,22.621,2060433.07
2021-02-02,22.6209,22.9237,22.3019,22.4829,656229.33
2021-02-03,22.482,23.45,22.401,23.0537,790555.1
2021-02-04,23.0507,23.2674,22.62,22.8902,899891.48
2021-02-05,22.886,25.6116,22.7803,24.4825,2207299.27
2021-02-06,24.4825,25.2454,23.7565,24.2434,1646885.21
2021-02-07,24.2509,24.6031,23.6797,24.0475,1160116.26
2021-02-08,24.0399,28.8749,23.819,27.6608,3399727.31
2021-02-09,27.6793,51.9635,27.088,44.1298,10360782.65
2021-02-10,44.1,45.7821,35.0,39.761,7444640.48
2021-02-11,39.7404,42.9083,36.8,40.3198,3092652.68
2021-02-12,40.3378,44.8,39.1735,42.65,3632985.0
2021-02-13,42.65,44.6632,39.6,41.534,3009342.87
2021-02-14,41.551,53.0,41.1328,47.125,5457198.51
2021-02-15,47.1332,50.6677,36.05,42.9236,6177838.0
2021-02-16,42.956,45.89,40.011,41.874,2575753.51
2021-02-17,41.859,44.7751,40.2717,43.205,2163900.06
2021-02-18,43.1919,44.4121,42.3631,43.4281,1635575.95
2021-02-19,43.428,43.723,40.9946,43.1378,1994041.8
2021-02-20,43.1405,49.5,42.0547,43.0007,4204436.62
2021-02-21,43.0517,45.9733,42.4908,44.6468,2063847.42
2021-02-22,44.6216,44.835,32.3214,39.3921,4028531.96
2021-02-23,39.4234,39.5259,31.4204,35.4658,3639030.24
2021-02-24,35.466,38.3994,34.3003,36.5817,2054149.6
2021-02-25,36.5618,37.5469,34.7508,34.9813,1422586.08
2021-02-26,34.9813,36.5498,33.2406,35.1275,1470450.57
2021-02-27,35.1368,38.811,35.0688,37.8763,1529635.51
2021-02-28,37.8771,38.398,34.7763,35.9652,1299134.45
2021-03-01,35.9677,39.41,35.5,38.5649,1418850.74
2021-03-02,38.5649,39.0269,37.206,38.2082,1157265.03
2021-03-03,38.2125,45.0,38.0001,42.0681,2567011.86
2021-03-04,42.0808,43.2558,39.8097,40.7542,2018704.78
2021-03-05,40.7615,40.7844,38.3305,40.4667,1254014.04
2021-03-06,40.4684,40.8489,38.9619,40.3937,806648.02
2021-03-07,40.4043,41.7749,40.274,41.3943,715697.16
2021-03-08,41.4099,42.0,40.4285,41.535,829887.71
2021-03-09,41.5263,42.5869,41.1699,41.9292,1065530.76
2021-03-10,41.9293,44.2103,41.0,42.4547,1255246.33
2021-03-11,42.4832,43.13,41.6674,42.2225,1146593.02
2021-03-12,42.2339,45.1,41.8999,44.0483,1694265.18
2021-03-13,44.059,52.0804,43.5,49.4071,2875290.29
2021-03-14,49.3945,57.3707,49.3536,53.8001,3414066.85
2021-03-15,53.7835,56.3809,52.0101,53.3584,2461948.21
2021-03-16,53.3074,63.9898,50.7144,63.6062,2708655.02
2021-03-17,63.5232,96.6659,62.53,88.4498,8732867.61
2021-03-18,88.4544,89.7334,73.7931,79.4902,6988950.66
2021-03-19,79.4902,86.0,75.554,82.9575,3162744.3
2021-03-20,83.043,86.0168,81.38,82.0287,1629861.53
2021-03-21,82.0892,83.3661,80.1841,80.651,1264062.63
2021-03-22,80.652,81.5,75.25,76.3281,1782548.13
2021-03-23,76.3281,85.5,73.3627,82.512,2542396.23
2021-03-24,82.5589,94.9069,79.7003,85.8829,3332468.5
2021-03-25,85.9117,96.1913,84.9065,91.0363,3555241.5
2021-03-26,91.0313,128.7747,90.8959,124.514,5241509.24
2021-03-27,124.7046,139.6672,119.7344,132.4472,5788393.98
2021-03-28,132.3979,133.772,120.7961,125.2637,3153158.08
2021-03-29,125.2633,130.459,123.7402,127.3,2056652.63
2021-03-30,127.3391,153.4,124.16,149.6027,3694414.48
2021-03-31,149.5697,197.5495,145.5068,190.8556,6898124.16
2021-04-01,190.7998,238.2033,180.0,185.6217,9489084.8
2021-04-02,185.5682,205.535,160.637,171.9372,5871429.95
2021-04-03,171.9372,181.3,162.4098,178.1755,3233013.68
2021-04-04,178.1755,193.8753,175.2589,182.7438,2827398.95
2021-04-05,182.8548,187.0685,171.0001,176.4686,1733545.24
2021-04-06,176.4975,178.9999,164.808,165.5486,1403949.62
2021-04-07,165.59,166.4399,135.5526,156.2777,4009234.83
2021-04-08,156.2742,158.84,146.352,154.0,1572359.8
2021-04-09,154.1304,175.95,152.873,172.1311,2372313.81
2021-04-10,172.1311,189.0,170.6444,174.561,2378730.3
2021-04-11,174.5585,184.4,172.8903,179.0979,1047898.06
2021-04-12,179.0789,181.5511,159.5075,167.8606,2102821.73
2021-04-13,167.8446,169.4261,157.7447,164.156,1309867.31
2021-04-14,164.1606,179.3,161.0,168.3169,2093355.51
2021-04-15,168.3156,175.4428,168.0,170.8753,1352342.93
2021-04-16,170.8753,195.6962,170.8,182.6147,4348644.93
2021-04-17,182.664,193.0,175.4762,180.9288,1850728.18
2021-04-18,180.9288,183.1181,130.0,156.3278,3139396.3
2021-04-19,156.2945,164.8186,149.6366,154.8014,1426196.0
2021-04-20,154.798,157.7945,145.5077,153.9017,1170217.1
2021-04-21,153.9301,159.0211,147.1111,147.7287,1129839.25
2021-04-22,147.7212,157.8923,144.4737,145.914,1524418.19
2021-04-23,145.9334,147.963,130.0,138.5799,2026141.93
2021-04-24,138.5559,139.38,131.1256,133.5535,1095487.16
2021-04-25,133.5811,136.88,131.66,134.04,551274.8269
2021-04-26,134.04,154.8,133.47,154.2,1313641.2279
2021-04-27,154.24,155.24,148.01,152.46,967946.1082
2021-04-28,152.46,156.0,146.37,150.93,892345.9807
2021-04-29,150.94,152.17,147.5,149.76,783542.3576
2021-04-30,149.75,165.0,149.67,163.92,1546255.823
2021-05-01,163.82,168.0,161.06,164.24,809703.2588
2021-05-02,164.21,166.75,156.29,162.46,757213.3806
2021-05-03,162.46,163.96,158.5,160.24,790718.2354
2021-05-04,160.24,160.49,135.1,140.8,1503435.5463
2021-05-05,140.82,154.86,139.56,152.53,1091315.1271
2021-05-06,152.46,165.63,149.69,153.59,1873546.7512
2021-05-07,153.63,155.23,146.82,150.33,933789.1635
2021-05-08,150.39,154.25,143.49,148.1,767341.4548
2021-05-09,148.1,149.55,140.73,146.5,880624.6058
2021-05-10,146.51,149.33,129.14,135.71,1155938.1738
2021-05-11,135.71,143.44,133.79,142.95,1014580.4486
2021-05-12,142.9,145.59,123.77,127.04,1373711.7437
2021-05-13,127.09,127.79,87.26,117.82,4298932.3103
2021-05-14,117.82,124.84,113.82,120.65,1843265.5462
2021-05-15,120.64,122.85,109.96,110.48,1520986.5139
2021-05-16,110.46,116.19,100.15,107.81,1753425.6965
2021-05-17,107.79,107.88,93.35,99.46,2141124.6066
2021-05-18,99.43,106.02,96.82,100.11,1877765.0226
2021-05-19,100.13,101.73,55.0,65.28,5711508.3532
2021-05-20,65.29,95.26,61.13,88.66,5722650.4379
2021-05-21,88.62,94.99,67.76,76.84,4394753.383
2021-05-22,76.9,77.43,66.48,72.21,3395285.8229
2021-05-23,72.23,74.73,55.2,64.88,4404400.1297
2021-05-24,64.87,78.0,62.24,74.75,4372237.2018
2021-05-25,74.74,79.76,65.73,72.24,3399202.8305
2021-05-26,72.28,74.99,70.03,74.5,2469525.8135
2021-05-27,74.51,74.56,68.86,71.43,1919835.4393
2021-05-28,71.44,71.8,64.98,66.75,2444585.5519
2021-05-29,66.74,69.87,64.5,68.24,1921950.2407
2021-05-30,68.25,69.44,65.25,68.34,1796269.4258
2021-05-31,68.34,72.92,66.28,72.52,2040700.7409
2021-06-01,72.52,73.17,68.02,69.18,1611400.0277
2021-06-02,69.18,72.06,68.15,70.09,1314034.6086
2021-06-03,70.09,94.05,69.47,89.48,5210285.1494
2021-06-04,89.47,97.99,84.51,88.0,6430417.6017
2021-06-05,88.0,93.03,85.85,88.16,2864255.0793
2021-06-06,88.15,89.05,86.01,86.99,1401268.0488
2021-06-07,86.98,92.1,80.15,81.99,2876771.7351
2021-06-08,82.0,83.75,70.36,76.02,4778130.601
2021-06-09,75.98,78.91,70.89,77.76,3182405.9298
2021-06-10,77.78,79.13,71.61,73.31,2308661.7351
2021-06-11,73.32,74.12,69.62,70.8,1554746.0402
2021-06-12,70.79,71.3,66.0,69.68,1819483.5683
2021-06-13,69.68,73.73,68.62,73.13,1281781.8007
2021-06-14,73.11,77.72,71.82,74.89,1645829.1476
2021-06-15,74.89,75.89,71.58,72.56,1476074.4786
2021-06-16,72.57,72.57,68.56,69.72,1373941.1216
2021-06-17,69.72,72.1,67.04,68.93,1167009.0885
2021-06-18,68.93,68.97,63.5,65.69,1365880.8778
2021-06-19,65.69,66.85,64.23,64.72,1076377.4604
2021-06-20,64.71,65.0,59.92,63.2,2188031.129
2021-06-21,63.19,63.73,45.0,46.18,4690895.531
2021-06-22,46.15,53.18,42.53,49.45,5375956.744
2021-06-23,49.45,59.25,47.48,58.7,3757619.7571
2021-06-24,58.72,59.35,54.17,57.1,2749730.2502
2021-06-25,57.1,57.93,50.36,52.03,3034948.4686
2021-06-26,52.03,53.29,50.0,53.04,2132210.4816
2021-06-27,53.04,56.52,52.66,56.2,2000162.7598
2021-06-28,56.19,57.94,54.88,56.44,2325097.628
2021-06-29,56.45,66.31,56.1,64.59,3394748.9252
2021-06-30,64.59,65.39,56.4,60.4,3555416.4221
2021-07-01,60.4,60.45,55.2,56.65,2019639.4159
2021-07-02,56.65,57.41,54.94,57.19,1314268.3262
2021-07-03,57.17,59.98,56.63,58.92,1238571.5294
2021-07-04,58.92,60.63,58.01,58.72,1018822.3384
2021-07-05,58.72,58.72,54.77,56.06,1319253.4142
2021-07-06,56.08,58.33,55.98,57.01,1175663.1875
2021-07-07,57.01,58.04,56.32,56.42,869871.8958
2021-07-08,56.42,56.51,52.79,53.85,1320214.8867
2021-07-09,53.86,55.56,52.71,55.26,851839.5536
2021-07-10,55.26,56.03,53.55,54.25,669931.579
2021-07-11,54.22,55.8,53.92,55.12,484171.092
2021-07-12,55.11,55.49,52.2,52.48,787505.487
2021-07-13,52.47,53.05,50.38,50.98,1047433.3331
2021-07-14,50.97,51.24,48.1,49.68,1201652.4769
2021-07-15,49.68,50.35,46.2,47.32,1250561.1023
2021-07-16,47.32,48.36,45.77,45.82,992668.9548
2021-07-17,45.82,46.18,45.12,45.62,890656.2726
2021-07-18,45.62,47.47,45.55,46.83,1053811.862
2021-07-19,46.82,47.16,44.36,44.71,954857.6425
2021-07-20,44.72,45.17,41.0,41.23,1602636.2175
2021-07-21,41.24,47.86,40.08,46.24,2153384.2785
2021-07-22,46.25,46.99,44.53,45.58,1164340.8959
2021-07-23,45.57,47.51,44.89,47.37,1296532.5906
2021-07-24,47.37,51.34,46.37,49.58,2530698.4432
2021-07-25,49.59,50.14,47.15,49.01,1960127.159
2021-07-26,49.01,52.97,48.76,49.02,4189824.7675
2021-07-27,49.02,49.91,47.29,49.54,1784019.6409
2021-07-28,49.54,50.94,48.3,49.57,2159340.3597
2021-07-29,49.56,49.79,48.5,49.37,999009.9322
2021-07-30,49.37,51.37,48.63,51.32,1436700.9707
2021-07-31,51.32,52.83,50.34,52.02,1764912.1764
2021-08-01,52.01,58.35,51.56,53.85,4839961.9489
2021-08-02,53.85,56.01,53.08,54.43,1863404.6088
2021-08-03,54.43,55.08,52.72,54.29,1576484.8254
2021-08-04,54.3,57.34,53.98,56.49,2216026.8742
2021-08-05,56.48,58.22,55.01,57.88,2001953.757
2021-08-06,57.87,64.96,57.17,64.2,3165350.1737
2021-08-07,64.19,70.84,63.67,69.24,4517936.6528
2021-08-08,69.24,69.43,63.39,64.48,2689308.624
2021-08-09,64.49,68.18,61.42,67.54,2750083.3627
2021-08-10,67.52,69.82,64.95,66.69,2515419.9938
2021-08-11,66.69,74.03,66.64,71.76,3681758.6133
2021-08-12,71.76,75.59,66.04,68.32,3877037.84
2021-08-13,68.33,74.83,68.29,74.47,2188063.7829
2021-08-14,74.47,75.0,69.99,72.4,2873070.2019
2021-08-15,72.39,74.47,70.08,73.06,2465722.9714
2021-08-16,73.06,75.89,72.42,73.26,3224869.8842
2021-08-17,73.25,74.69,69.04,69.45,2825486.8475
2021-08-18,69.49,70.15,66.0,67.47,2552150.0823
2021-08-19,67.47,70.54,66.26,70.48,1630499.5676
2021-08-20,70.47,73.79,69.69,73.06,1749122.9825
2021-08-21,73.06,79.29,71.4,78.45,3060779.1024
2021-08-22,78.45,79.15,75.05,77.17,2896082.272
2021-08-23,77.16,82.48,76.56,79.75,3298154.7192
2021-08-24,79.74,80.55,72.17,74.34,3044715.3539
2021-08-25,74.33,77.93,72.41,76.53,2264953.1141
2021-08-26,76.53,78.78,71.4,72.29,2655189.4841
2021-08-27,72.29,75.77,70.33,75.19,2139466.4433
2021-08-28,75.2,75.46,72.86,73.96,1444189.07
2021-08-29,73.97,75.42,72.4,73.63,1753070.7
2021-08-30,73.62,74.24,70.94,71.2,1366890.45
2021-08-31,71.2,77.8,70.43,75.97,3168608.5765
2021-09-01,75.96,78.79,75.27,78.69,2662164.3531
2021-09-02,78.68,79.58,77.01,77.39,1787834.6204
2021-09-03,77.39,78.98,75.72,77.65,1670784.36
2021-09-04,77.64,96.65,77.47,95.04,5591528.1186
2021-09-05,95.04,120.17,91.89,113.65,8863729.3951
2021-09-06,113.64,118.5,103.88,106.22,7762399.75
2021-09-07,106.22,110.97,71.2,84.46,13607499.0
2021-09-08,84.47,94.05,76.05,88.28,9668703.68
2021-09-09,88.39,94.17,85.1,88.68,5353465.34
2021-09-10,88.7,91.86,78.73,82.43,4887080.14
2021-09-11,82.42,85.04,80.03,81.66,3341935.14
2021-09-12,81.67,87.05,80.66,83.63,3811022.49
2021-09-13,83.63,84.6,72.72,77.96,4367263.96
2021-09-14,77.96,81.87,77.44,80.8,2334986.03
2021-09-15,80.79,87.5,80.08,86.23,3817168.86
2021-09-16,86.23,90.64,82.2,84.72,4531810.31
2021-09-17,84.72,86.63,80.56,85.79,3144824.97
2021-09-18,85.8,87.37,82.6,84.3,2437791.85
2021-09-19,84.31,85.15,81.56,83.53,1629678.69
2021-09-20,83.54,83.69,71.31,74.43,6160805.39
2021-09-21,74.42,76.58,68.14,69.54,5187450.8893
2021-09-22,69.54,75.02,68.65,74.51,3294084.32
2021-09-23,74.5,75.58,71.83,74.66,3073366.14
2021-09-24,74.66,74.97,60.13,63.31,10129684.9687
2021-09-25,63.32,63.89,58.78,60.4,6263245.0673
2021-09-26,60.39,60.64,50.0,55.77,13709913.6312
2021-09-27,55.78,62.94,54.71,58.98,9074696.8
2021-09-28,58.98,59.57,55.07,55.3,5629628.67
2021-09-29,55.29,58.51,55.22,57.0,3708359.18
2021-09-30,57.0,61.21,56.83,60.04,3364207.82
2021-10-01,60.05,73.39,59.61,71.47,5594246.2594
2021-10-02,71.47,73.98,68.33,69.66,5690046.85
2021-10-03,69.66,70.85,67.63,69.11,4228554.53
2021-10-04,69.1,70.64,65.66,69.76,4726949.41
2021-10-05,69.77,72.98,68.48,70.89,4170035.71
2021-10-06,70.9,74.86,66.62,71.75,5421184.17
2021-10-07,71.76,74.31,68.94,71.46,4617739.46
2021-10-08,71.47,81.22,70.58,79.54,6879351.03
2021-10-09,79.54,80.64,75.37,77.01,3958211.78
2021-10-10,77.01,77.08,69.08,69.81,3681308.56
2021-10-11,69.82,74.82,69.0,73.47,4551778.21
2021-10-12,73.48,73.5,66.13,69.8,4776709.7
2021-10-13,69.81,70.75,60.7,68.31,6934760.74
2021-10-14,68.32,71.9,67.2,70.38,4019846.41
2021-10-15,70.39,70.4,65.07,67.33,4707506.11
2021-10-16,67.32,69.22,66.1,66.52,2137734.09
2021-10-17,66.52,67.12,61.0,63.86,3186103.93
2021-10-18,63.86,65.07,61.38,63.46,2912700.13
2021-10-19,63.45,64.1,62.0,62.94,1965416.75
2021-10-20,62.94,68.2,62.49,67.06,3416330.81
2021-10-21,67.06,68.16,63.34,63.63,3631263.83
2021-10-22,63.63,66.95,63.61,65.95,3112564.07
2021-10-23,65.95,66.4,63.95,64.81,1699053.21
2021-10-24,64.8,65.1,61.23,62.59,3966003.08
2021-10-25,62.6,65.38,62.3,63.94,2338102.51
2021-10-26,63.93,65.22,62.06,62.83,2920861.71
2021-10-27,62.83,63.22,52.0,55.42,7414423.98
2021-10-28,55.42,59.22,54.62,58.14,4546373.77
2021-10-29,58.14,62.91,57.85,60.2,2719059.42
2021-10-30,60.15,61.48,57.4,61.48,1623051.07
2021-10-31,61.48,66.76,59.23,64.4,5987084.24
2021-11-01,64.41,64.5,60.6,63.88,2488354.0
2021-11-02,63.89,66.46,63.44,64.63,2853130.66
2021-11-03,64.63,65.9,61.5,64.01,3618156.51
2021-11-04,64.01,64.49,61.1,62.45,2315593.53
2021-11-05,62.45,64.4,61.3,63.48,2921355.03
2021-11-06,63.49,63.68,58.0,61.89,4288703.26
2021-11-07,61.9,62.61,61.11,62.56,2390899.1
2021-11-08,62.56,64.9,62.27,64.26,3303467.72
2021-11-09,64.25,69.18,63.48,66.7,6527662.11
2021-11-10,66.71,69.64,58.53,63.46,7646788.9
2021-11-11,63.46,64.5,61.73,62.76,3213415.05
2021-11-12,62.76,65.5,61.11,62.9,4427610.06
2021-11-13,62.89,63.67,62.23,62.92,2014458.68
2021-11-14,62.92,63.49,61.02,62.55,2055033.9
2021-11-15,62.54,63.42,60.17,60.94,2662947.96
2021-11-16,60.94,60.94,52.0,56.15,9225266.02
2021-11-17,56.16,56.83,54.08,56.14,5019620.79
2021-11-18,56.13,58.2,48.53,51.71,11467744.6133
2021-11-19,51.71,54.48,51.13,53.73,4362909.14
2021-11-20,53.73,55.23,52.22,54.39,3050125.3
2021-11-21,54.4,54.5,53.0,53.15,2650407.44
2021-11-22,53.16,53.41,51.38,51.76,4187954.11
2021-11-23,51.76,52.13,50.34,51.73,3303185.78
2021-11-24,51.73,51.91,48.62,50.62,3405895.93
2021-11-25,50.62,56.05,49.8,55.36,4916686.36
2021-11-26,55.37,59.49,51.2,52.8,10313927.01
2021-11-27,52.8,59.48,52.57,57.73,6964536.33
2021-11-28,57.74,57.82,52.44,56.46,5269060.65
2021-11-29,56.46,57.2,53.84,54.64,3114670.5
2021-11-30,54.63,55.65,53.08,53.73,4139918.74
2021-12-01,53.74,55.81,53.56,54.37,3297897.35
2021-12-02,54.37,54.37,52.59,53.75,2672585.21
2021-12-03,53.76,53.88,48.28,49.7,4723536.88
2021-12-04,49.7,49.75,32.67,41.01,22461581.3113
2021-12-05,41.01,41.74,36.89,39.1,6915456.27
2021-12-06,39.1,39.13,35.52,38.72,6711419.93
2021-12-07,38.73,39.99,38.53,39.13,3533604.81
2021-12-08,39.13,43.61,38.8,41.37,6432824.29
2021-12-09,41.37,41.62,37.0,37.48,4101940.99
2021-12-10,37.48,41.38,37.41,39.83,6344647.07
2021-12-11,39.83,40.51,38.66,40.42,3471155.09
2021-12-12,40.42,40.52,38.69,39.67,1938174.44
2021-12-13,39.68,40.02,35.23,35.87,4044779.54
2021-12-14,35.87,37.3,35.21,36.72,2850145.23
2021-12-15,36.73,38.9,35.61,38.21,3444393.33
2021-12-16,38.21,38.53,36.95,37.21,1986193.15
2021-12-17,37.21,38.99,35.33,35.64,4449900.99
2021-12-18,35.64,36.78,35.25,36.36,1822569.03
2021-12-19,36.36,36.7,35.73,35.79,1436532.9
2021-12-20,35.79,35.94,33.83,34.85,2748910.03
2021-12-21,34.85,36.2,34.31,35.31,2165381.68
2021-12-22,35.3,36.45,34.88,35.63,3360745.83
2021-12-23,35.63,38.07,35.13,37.36,3077010.51
2021-12-24,37.36,37.74,36.0,36.45,2588733.78
2021-12-25,36.46,37.3,36.18,37.0,1798246.82
2021-12-26,37.01,37.71,35.52,37.28,2459649.24
2021-12-27,37.29,41.27,36.91,39.22,4898709.64
2021-12-28,39.22,39.84,35.83,36.26,5909591.92
2021-12-29,36.26,36.76,33.85,34.22,3574478.26
2021-12-30,34.21,35.83,33.29,34.94,3190390.63
2021-12-31,34.94,35.73,33.5,34.24,3112798.52
2022-01-01,34.25,35.99,34.24,35.88,1616700.27
2022-01-02,35.89,36.5,35.2,35.74,1908969.09
2022-01-03,35.74,35.76,34.37,35.08,1992032.92
2022-01-04,35.08,38.23,34.42,36.17,4462337.27
2022-01-05,36.17,38.5,31.05,33.15,6108216.3217
2022-01-06,33.15,33.5,32.05,32.98,3799196.1
2022-01-07,32.98,33.05,29.75,31.54,4986731.61
2022-01-08,31.55,32.2,28.35,29.46,3407384.0656
2022-01-09,29.46,31.08,29.26,30.21,2346159.75
2022-01-10,30.21,30.37,26.32,28.12,4810957.6824
2022-01-11,28.13,29.26,27.8,28.88,2254699.0
2022-01-12,28.88,30.89,28.48,30.77,2646386.98
2022-01-13,30.77,30.86,28.39,28.51,2774618.79
2022-01-14,28.51,29.87,28.02,29.72,2835853.06
2022-01-15,29.72,30.6,29.31,29.66,1783099.52
2022-01-16,29.66,31.48,29.61,30.38,2156207.69
2022-01-17,30.38,30.46,28.52,28.97,1862779.85
2022-01-18,28.98,29.33,27.66,28.47,2244706.75
2022-01-19,28.47,28.71,27.21,27.61,1967639.26
2022-01-20,27.62,28.7,26.0,26.18,1885125.08
2022-01-21,26.19,26.58,21.12,21.97,5829037.998
2022-01-22,21.96,22.65,16.97,19.01,9930877.3971
2022-01-23,19.01,20.27,18.36,19.49,4418430.59
2022-01-24,19.49,19.5,16.82,18.42,7906275.78
2022-01-25,18.41,18.56,17.72,18.15,3342227.41
2022-01-26,18.16,20.43,18.0,19.27,5235012.48
2022-01-27,19.27,19.99,18.07,19.2,4062372.75
2022-01-28,19.2,19.85,18.5,19.61,3466445.34
2022-01-29,19.61,20.78,19.37,20.28,3073353.32
2022-01-30,20.28,20.88,19.47,19.82,2320536.98
2022-01-31,19.82,21.9,18.97,21.29,3160362.28
2022-02-01,21.29,21.59,20.58,20.89,1989948.26
2022-02-02,20.9,21.45,19.95,20.17,2902063.46
2022-02-03,20.18,20.57,19.54,20.35,2225800.31
2022-02-04,20.35,21.72,20.19,21.62,3257469.49
2022-02-05,21.63,22.81,21.35,21.98,2422547.38
2022-02-06,21.99,22.64,21.56,22.45,2376103.68
2022-02-07,22.45,24.75,22.05,24.52,4295778.18
2022-02-08,24.51,26.68,23.12,24.62,6014022.0329
2022-02-09,24.63,24.85,23.43,24.29,3145848.53
2022-02-10,24.29,24.79,22.8,23.14,4351076.0
2022-02-11,23.15,23.39,20.83,21.1,2941348.76
2022-02-12,21.09,21.39,20.28,20.87,2753205.02
2022-02-13,20.88,21.2,20.42,20.57,1680580.4
2022-02-14,20.57,21.08,19.92,20.71,2057462.28
2022-02-15,20.72,22.53,20.66,22.35,2335274.44
2022-02-16,22.35,23.58,21.51,23.06,3510522.27
2022-02-17,23.06,23.4,20.17,20.53,4408599.82
2022-02-18,20.54,21.37,20.13,21.02,3412814.47
2022-02-19,21.03,21.27,20.07,20.81,2119259.88
2022-02-20,20.81,20.86,19.34,19.79,2401819.34
2022-02-21,19.8,20.48,18.51,18.63,3334156.89
2022-02-22,18.63,19.25,18.05,19.17,3201322.13
2022-02-23,19.18,19.61,18.41,18.45,2192827.2
2022-02-24,18.45,18.87,16.73,18.43,4737448.72
2022-02-25,18.43,19.21,18.1,18.93,2213789.51
2022-02-26,18.93,19.47,18.53,19.06,1707971.22
2022-02-27,19.06,21.35,18.4,20.36,4526069.09
2022-02-28,20.37,21.94,19.7,21.7,4320671.67
2022-03-01,21.7,22.28,20.52,20.96,3582499.02
2022-03-02,20.97,21.68,20.2,20.74,2787048.44
2022-03-03,20.75,20.97,19.54,20.13,1793049.5
2022-03-04,20.13,20.3,18.47,18.81,2447686.82
2022-03-05,18.82,19.23,18.25,19.09,1158437.18
2022-03-06,19.09,19.29,18.33,18.45,1250798.8
2022-03-07,18.46,18.91,17.11,17.82,2504402.05
2022-03-08,17.83,18.33,17.67,18.03,1666749.94
2022-03-09,18.03,19.28,17.96,18.82,1976844.49
2022-03-10,18.83,18.87,17.31,17.89,1863671.05
2022-03-11,17.9,18.06,17.16,17.37,1238992.44
2022-03-12,17.37,19.38,17.33,17.71,1691759.9
2022-03-13,17.72,18.07,17.03,17.24,1002205.46
2022-03-14,17.25,17.7,17.06,17.46,1038261.16
2022-03-15,17.46,17.51,16.5,16.8,1609681.89
2022-03-16,16.81,17.5,16.73,17.42,1913267.23
2022-03-17,17.43,17.8,17.23,17.43,1211744.76
2022-03-18,17.44,17.84,17.08,17.61,1319665.72
2022-03-19,17.61,18.4,17.56,18.21,1890958.07
2022-03-20,18.22,18.29,17.21,17.64,1600180.37
2022-03-21,17.65,17.99,17.34,17.83,1424116.17
2022-03-22,17.83,18.7,17.75,18.3,2249679.19
2022-03-23,18.3,19.64,18.28,19.33,3646378.01
2022-03-24,19.33,19.83,18.9,19.61,3115234.95
2022-03-25,19.6,19.69,18.36,18.84,2369371.2
2022-03-26,18.84,19.45,18.63,19.43,1333797.04
2022-03-27,19.43,24.1,18.92,23.7,7884627.76
2022-03-28,23.69,27.85,23.45,25.31,16392389.06
2022-03-29,25.31,28.15,24.88,26.36,10608415.13
2022-03-30,26.36,26.6,24.7,25.9,5743426.76
2022-03-31,25.9,27.55,24.05,24.45,6640586.86
2022-04-01,24.46,26.16,22.89,25.53,6112821.89
2022-04-02,25.52,26.76,23.75,23.94,4579299.81
2022-04-03,23.94,25.89,23.6,25.43,3885301.71
2022-04-04,25.43,25.77,23.65,25.25,4759506.64
2022-04-05,25.26,26.57,24.51,24.88,6633568.72
2022-04-06,24.89,24.9,21.54,21.75,5895792.15
2022-04-07,21.75,22.7,21.42,22.47,3415609.24
2022-04-08,22.47,22.94,21.0,21.31,3529234.59
2022-04-09,21.3,21.75,21.15,21.72,1550621.07
2022-04-10,21.71,21.85,20.81,21.02,1593516.59
2022-04-11,21.02,21.07,18.0,18.31,3817296.03
2022-04-12,18.31,19.71,18.27,19.45,2974722.99
2022-04-13,19.45,19.58,18.73,19.4,1806692.16
2022-04-14,19.41,19.79,18.45,18.68,1927347.81
2022-04-15,18.69,19.21,18.66,19.05,1268736.26
2022-04-16,19.05,22.15,18.86,21.66,3587451.86
2022-04-17,21.67,21.8,19.56,19.7,4512968.88
2022-04-18,19.7,19.94,18.43,19.63,3998429.03
2022-04-19,19.63,21.17,19.38,20.42,3645269.28
2022-04-20,20.42,20.72,19.38,19.61,3597326.57
2022-04-21,19.61,20.26,18.5,18.85,3825308.0
2022-04-22,18.85,19.52,18.7,19.29,2858403.97
2022-04-23,19.3,19.57,18.78,18.93,2218729.45
2022-04-24,18.93,19.39,18.64,18.91,1815747.38
2022-04-25,18.92,18.95,17.44,18.63,3841968.33
2022-04-26,18.64,18.77,17.0,17.29,2774561.76
2022-04-27,17.3,18.02,17.22,17.7,1893732.32
2022-04-28,17.71,18.51,17.49,18.09,2689342.43
2022-04-29,18.09,18.2,17.0,17.31,2764164.6
2022-04-30,17.32,18.04,11.85,14.23,8392214.1
2022-05-01,14.24,15.68,13.87,15.12,8518793.72
2022-05-02,15.12,15.29,14.11,14.62,3993551.58
2022-05-03,14.62,14.98,14.23,14.62,2628147.41
2022-05-04,14.63,15.96,14.55,15.72,3867380.04
2022-05-05,15.73,15.87,13.31,13.99,6707379.77
2022-05-06,13.98,14.18,13.35,13.87,3793650.69
2022-05-07,13.87,13.94,12.8,13.25,2971261.38
2022-05-08,13.25,13.45,12.85,13.1,4180899.03
2022-05-09,13.11,13.3,10.8,11.02,7985764.11
2022-05-10,11.01,13.01,10.53,11.36,8908463.45
2022-05-11,11.37,12.0,8.18,8.62,13342419.8
2022-05-12,8.6,9.06,6.71,8.11,14215691.57
2022-05-13,8.11,9.48,7.88,8.75,8475641.13
2022-05-14,8.74,9.12,8.03,8.81,4254444.55
2022-05-15,8.82,9.27,8.47,9.16,3149996.92
2022-05-16,9.17,9.17,8.2,8.3,3268099.78
2022-05-17,8.31,8.9,8.19,8.58,3046085.88
2022-05-18,8.57,8.72,7.48,7.61,3188987.76
2022-05-19,7.61,8.31,7.38,8.21,3622523.24
2022-05-20,8.21,8.34,7.68,7.93,2228052.49
2022-05-21,7.93,8.34,7.75,8.17,1865572.25
2022-05-22,8.17,8.51,8.02,8.45,1814799.7
2022-05-23,8.45,9.5,8.02,8.17,5622194.83
2022-05-24,8.17,8.54,8.03,8.42,3915025.88
2022-05-25,8.42,8.6,8.07,8.17,3461938.99
2022-05-26,8.18,8.29,7.32,7.63,4330184.59
2022-05-27,7.63,7.74,7.14,7.23,3953282.63
2022-05-28,7.23,7.6,7.16,7.53,2022609.43
2022-05-29,7.54,7.98,7.33,7.62,2006221.05
2022-05-30,7.62,8.31,7.55,8.21,3508844.95
2022-05-31,8.22,8.36,7.82,8.09,3792658.43
2022-06-01,8.09,8.18,7.31,7.44,3823620.28
2022-06-02,7.44,7.82,7.31,7.73,2481959.54
2022-06-03,7.74,7.76,7.25,7.39,1948193.92
2022-06-04,7.39,7.52,7.21,7.46,1090720.95
2022-06-05,7.47,7.56,7.26,7.36,1308336.44
2022-06-06,7.37,7.88,7.36,7.57,2421738.05
2022-06-07,7.57,7.66,7.0,7.33,3626181.83
2022-06-08,7.33,7.46,7.14,7.18,2478373.56
2022-06-09,7.18,7.34,7.07,7.23,1750157.7
2022-06-10,7.23,7.25,6.73,6.82,2494125.48
2022-06-11,6.83,6.91,6.06,6.1,3314902.56
2022-06-12,6.11,6.18,5.59,5.68,3637216.55
2022-06-13,5.68,5.83,5.13,5.33,5581839.67
2022-06-14,5.34,5.72,5.0,5.48,5068371.8
2022-06-15,5.47,5.88,5.07,5.87,5341711.49
2022-06-16,5.88,5.94,5.21,5.31,3476778.7
2022-06-17,5.31,5.48,5.29,5.34,2055490.08
2022-06-18,5.35,5.43,4.8,5.11,4388092.61
2022-06-19,5.12,5.55,4.98,5.49,3494280.74
2022-06-20,5.49,5.69,5.29,5.45,2880741.22
2022-06-21,5.46,6.4,5.4,5.96,6135130.7
2022-06-22,5.96,5.98,5.44,5.52,4202505.22
2022-06-23,5.52,5.92,5.51,5.79,2887753.32
2022-06-24,5.8,6.3,5.75,6.12,3575388.56
2022-06-25,6.12,6.3,5.85,6.08,2674292.51
2022-06-26,6.08,6.35,5.8,5.82,3018711.73
2022-06-27,5.82,6.11,5.65,5.78,3092687.5
2022-06-28,5.78,5.97,5.43,5.51,3263512.76
2022-06-29,5.51,5.6,5.36,5.46,3006934.64
2022-06-30,5.46,5.51,5.08,5.4,3818364.89
2022-07-01,5.4,5.56,5.23,5.35,4020007.23
2022-07-02,5.34,5.4,5.21,5.34,1557650.01
2022-07-03,5.33,5.4,5.19,5.3,1943201.24
2022-07-04,5.3,5.61,5.21,5.55,3007206.69
2022-07-05,5.56,5.64,5.31,5.49,3825419.06
2022-07-06,5.49,5.67,5.42,5.56,3062328.05
2022-07-07,5.56,5.87,5.53,5.8,3082124.48
2022-07-08,5.8,5.93,5.57,5.74,3344501.44
2022-07-09,5.73,5.9,5.68,5.79,2294724.3
2022-07-10,5.79,5.8,5.43,5.49,2373369.88
2022-07-11,5.5,5.5,5.14,5.19,2958980.23
2022-07-12,5.2,5.29,5.05,5.08,2305642.57
2022-07-13,5.08,5.32,5.0,5.29,4970121.7
2022-07-14,5.29,5.42,5.16,5.36,3282763.85
2022-07-15,5.36,5.46,5.2,5.23,3462156.29
2022-07-16,5.23,5.45,5.16,5.39,2645929.39
2022-07-17,5.4,5.98,5.36,5.68,6026073.74
2022-07-18,5.69,6.15,5.62,5.94,7912736.66
2022-07-19,5.94,6.27,5.65,6.04,8471456.61
2022-07-20,6.05,6.18,5.47,5.59,7447067.36
2022-07-21,5.59,5.75,5.38,5.63,5491290.18
2022-07-22,5.62,5.81,5.42,5.48,4312641.19
2022-07-23,5.48,5.66,5.4,5.57,2616704.7
2022-07-24,5.58,5.92,5.54,5.64,4008816.61
2022-07-25,5.64,5.69,5.21,5.24,3935799.98
2022-07-26,5.24,5.44,5.1,5.32,4120442.13
2022-07-27,5.32,5.66,5.22,5.66,3399743.27
2022-07-28,5.66,6.06,5.55,5.93,5788516.84
2022-07-29,5.92,6.23,5.77,5.97,7104576.78
2022-07-30,5.97,8.89,5.95,8.03,37431139.81
2022-07-31,8.04,10.72,7.92,9.77,39101511.11
2022-08-01,9.77,11.39,8.34,8.79,32433806.27
2022-08-02,8.79,8.88,7.67,8.19,22505326.17
2022-08-03,8.2,8.76,7.91,8.08,12410810.92
2022-08-04,8.08,8.63,7.86,8.09,8578210.41
2022-08-05,8.08,8.42,8.04,8.34,6655229.23
2022-08-06,8.33,9.53,8.16,9.45,16113129.81
2022-08-07,9.45,9.45,8.65,8.8,8914688.02
2022-08-08,8.79,9.4,8.5,8.72,8614025.43
2022-08-09,8.72,8.84,7.82,8.04,10275836.71
2022-08-10,8.05,8.53,7.71,8.3,8915368.38
2022-08-11,8.29,9.02,8.22,8.34,9214548.47
2022-08-12,8.34,8.81,8.16,8.76,5754911.71
2022-08-13,8.76,8.88,8.24,8.37,4897021.5
2022-08-14,8.37,8.79,7.96,8.23,5738273.53
2022-08-15,8.23,8.59,8.0,8.42,4993394.44
2022-08-16,8.41,8.84,8.14,8.42,7414987.93
2022-08-17,8.42,8.9,7.96,8.19,7441533.75
2022-08-18,8.19,8.3,6.6,7.48,6299631.96
2022-08-19,7.48,7.57,6.35,6.46,12849385.57
2022-08-20,6.47,6.72,6.05,6.24,5969010.4
2022-08-21,6.25,6.58,6.21,6.41,3816782.28
2022-08-22,6.41,6.43,6.03,6.33,3913817.59
2022-08-23,6.33,6.45,6.12,6.38,3612176.08
2022-08-24,6.38,6.6,6.17,6.28,4816804.66
2022-08-25,6.27,6.49,6.26,6.36,3464454.2
2022-08-26,6.35,6.36,5.56,5.66,7018802.97
2022-08-27,5.67,5.87,5.58,5.83,3482726.91
2022-08-28,5.83,5.89,5.59,5.63,2566948.14
2022-08-29,5.64,6.06,5.52,6.01,3490929.79
2022-08-30,6.01,6.11,5.57,5.72,3915660.29
2022-08-31,5.72,5.89,5.67,5.75,2431904.93
2022-09-01,5.75,5.81,5.59,5.78,2467712.13
2022-09-02,5.78,5.99,5.69,5.83,3294057.34
2022-09-03,5.83,6.8,5.79,6.51,9936669.76
2022-09-04,6.51,6.65,6.13,6.27,3734283.9
2022-09-05,6.27,6.34,5.92,6.14,3891589.32
2022-09-06,6.15,6.3,5.52,5.6,5990697.38
2022-09-07,5.59,5.95,5.52,5.85,3636111.03
2022-09-08,5.85,5.96,5.7,5.87,3610799.21
2022-09-09,5.87,6.49,5.86,6.38,7716456.81
2022-09-10,6.38,6.56,6.21,6.36,4654919.21
2022-09-11,6.36,6.99,6.16,6.41,6429397.96
2022-09-12,6.41,6.79,6.32,6.55,6465526.02
2022-09-13,6.55,6.56,5.8,5.86,7415419.6
2022-09-14,5.87,6.02,5.74,5.96,3567571.67
2022-09-15,5.96,5.98,5.63,5.72,4066814.16
2022-09-16,5.73,5.86,5.64,5.82,2798783.1
2022-09-17,5.83,5.96,5.79,5.91,1916908.72
2022-09-18,5.91,5.92,5.12,5.26,4522074.36
2022-09-19,5.26,5.53,5.14,5.48,5012314.2
2022-09-20,5.48,5.52,5.26,5.32,3140581.73
2022-09-21,5.32,5.63,5.1,5.24,5692990.31
2022-09-22,5.24,5.57,5.23,5.52,4058894.63
2022-09-23,5.52,5.83,5.32,5.69,4666443.33
2022-09-24,5.69,5.8,5.5,5.57,3465959.85
2022-09-25,5.57,5.91,5.51,5.71,3905534.87
2022-09-26,5.71,5.81,5.51,5.7,3720096.49
2022-09-27,5.7,6.16,5.59,5.73,6748398.56
2022-09-28,5.73,6.06,5.55,5.85,4104281.78
2022-09-29,5.85,5.95,5.66,5.79,2780534.73
2022-09-30,5.78,5.84,5.6,5.69,3018804.46
2022-10-01,5.68,5.7,5.46,5.52,1792042.21
2022-10-02,5.52,5.57,5.33,5.37,2622589.01
2022-10-03,5.38,5.55,5.28,5.52,1858159.82
2022-10-04,5.52,5.66,5.48,5.6,2459941.06
2022-10-05,5.6,5.66,5.43,5.58,2049096.75
2022-10-06,5.59,5.65,5.46,5.48,2294253.11
2022-10-07,5.49,5.53,5.39,5.48,1348183.87
2022-10-08,5.47,5.51,5.35,5.39,930359.56
2022-10-09,5.4,5.48,5.38,5.43,840201.75
2022-10-10,5.43,5.49,5.1,5.16,1910332.81
2022-10-11,5.15,5.23,4.98,5.14,1995827.77
2022-10-12,5.14,5.23,5.1,5.14,1485619.99
2022-10-13,5.15,5.18,4.72,5.14,4283437.66
2022-10-14,5.14,5.32,5.0,5.07,3223054.61
2022-10-15,5.06,5.29,4.97,5.2,2563130.1
2022-10-16,5.19,5.29,5.09,5.15,1991408.21
2022-10-17,5.16,5.28,5.09,5.25,2984384.74
2022-10-18,5.26,5.28,5.05,5.13,2181067.6
2022-10-19,5.13,5.15,4.91,4.98,1877753.03
2022-10-20,4.98,5.09,4.9,4.94,1717628.17
2022-10-21,4.94,5.0,4.8,4.95,2150448.1
2022-10-22,4.96,5.0,4.9,4.96,1128173.45
2022-10-23,4.96,5.17,4.94,5.11,2675794.42
2022-10-24,5.12,5.15,4.91,4.94,1963409.31
2022-10-25,4.95,5.32,4.91,5.17,3056032.15
2022-10-26,5.18,5.37,5.17,5.25,3507573.86
2022-10-27,5.26,5.5,5.21,5.23,4446700.56
2022-10-28,5.23,5.48,5.12,5.36,4424731.32
2022-10-29,5.37,5.9,5.34,5.72,7323071.11
2022-10-30,5.72,5.76,5.28,5.38,5218019.97
2022-10-31,5.38,5.52,5.29,5.42,3375342.94
2022-11-01,5.42,5.51,5.32,5.37,3221613.95
2022-11-02,5.36,5.44,5.09,5.22,3480250.71
2022-11-03,5.23,6.25,5.21,5.78,14961938.64
2022-11-04,5.79,6.3,5.74,6.15,8468565.8
2022-11-05,6.15,6.56,6.01,6.16,6868297.38
2022-11-06,6.16,6.4,5.77,5.83,6034571.07
2022-11-07,5.83,5.95,5.6,5.73,5210565.64
2022-11-08,5.73,5.86,4.23,4.79,12120955.51
2022-11-09,4.78,4.88,4.0,4.14,11801644.22
2022-11-10,4.14,4.79,4.08,4.63,10748733.61
2022-11-11,4.63,4.68,4.2,4.47,5810216.11
2022-11-12,4.48,4.5,4.22,4.27,2836955.93
2022-11-13,4.27,4.45,4.21,4.29,4164826.85
2022-11-14,4.28,4.41,4.08,4.33,5128034.97
2022-11-15,4.33,4.51,4.27,4.4,3003100.37
2022-11-16,4.39,4.55,4.26,4.33,3901111.51
2022-11-17,4.33,4.4,4.22,4.31,2367004.21
2022-11-18,4.31,4.42,4.28,4.34,2023215.76
2022-11-19,4.34,4.43,4.25,4.38,2137590.2
2022-11-20,4.39,4.47,4.1,4.16,3363463.43
2022-11-21,4.17,4.23,4.04,4.17,3876261.13
2022-11-22,4.17,4.36,4.09,4.32,3896773.77
2022-11-23,4.32,4.49,4.29,4.45,3964459.6
2022-11-24,4.44,4.46,4.34,4.39,2743277.88
2022-11-25,4.4,4.4,4.25,4.29,2750452.38
2022-11-26,4.3,4.41,4.27,4.3,2374212.49
2022-11-27,4.3,4.52,4.29,4.35,5384090.44
2022-11-28,4.35,4.39,4.13,4.25,3927160.78
2022-11-29,4.25,4.41,4.21,4.35,3665157.93
2022-11-30,4.35,4.51,4.23,4.42,4057278.66
2022-12-01,4.42,4.48,4.35,4.39,2771045.71
2022-12-02,4.39,4.71,4.34,4.64,5311164.77
2022-12-03,4.65,4.69,4.38,4.42,2564050.56
2022-12-04,4.42,4.6,4.42,4.58,1621764.64
2022-12-05,4.58,4.62,4.46,4.52,2931216.23
2022-12-06,4.52,4.63,4.49,4.59,2612142.31
2022-12-07,4.6,4.6,4.19,4.35,2978626.78
2022-12-08,4.34,4.44,4.3,4.4,1911133.52
2022-12-09,4.4,4.47,4.38,4.44,1966711.29
2022-12-10,4.44,4.45,4.36,4.38,889329.58
2022-12-11,4.38,4.42,4.24,4.28,1063927.73
2022-12-12,4.28,4.29,4.17,4.25,2181598.24
2022-12-13,4.26,4.37,4.11,4.32,2902547.33
2022-12-14,4.32,4.374,4.18,4.227,4824328.2
2022-12-15,4.227,4.243,4.097,4.152,5453907.07
2022-12-16,4.152,4.184,2.419,3.018,27769530.55
2022-12-17,3.018,3.386,2.857,3.196,20407478.18
2022-12-18,3.196,3.206,3.023,3.046,5799881.19
2022-12-19,3.047,3.109,2.68,2.815,8303874.89
2022-12-20,2.813,3.118,2.802,2.975,8289928.58
2022-12-21,2.974,3.007,2.88,2.979,4951572.25
2022-12-22,2.977,3.008,2.888,2.995,3905948.16
2022-12-23,2.995,3.041,2.946,2.967,2768590.29
2022-12-24,2.967,2.991,2.919,2.933,1451673.23
2022-12-25,2.933,2.97,2.897,2.964,1977682.06
2022-12-26,2.963,3.007,2.943,3.002,2270089.6
2022-12-27,3.003,3.32,2.956,3.071,9791010.9
2022-12-28,3.071,3.1,2.907,2.992,5368082.05
2022-12-29,2.994,3.043,2.918,2.977,3365159.11
2022-12-30,2.977,2.996,2.917,2.98,2100979.04
2022-12-31,2.98,3.119,2.961,3.01,2809047.86
2023-01-01,3.009,3.15,2.992,3.108,2700516.95
2023-01-02,3.109,3.221,3.033,3.151,4409729.66
2023-01-03,3.152,3.196,3.027,3.091,4271044.93
2023-01-04,3.092,3.528,3.087,3.357,10030313.69
2023-01-05,3.356,3.362,3.225,3.287,3988585.31
2023-01-06,3.287,3.356,3.203,3.339,4335969.32
2023-01-07,3.34,3.4,3.277,3.299,3420635.05
2023-01-08,3.3,3.464,3.272,3.447,5269297.26
2023-01-09,3.446,3.95,3.432,3.774,12472653.86
2023-01-10,3.774,3.862,3.652,3.757,6856622.59
2023-01-11,3.758,3.782,3.534,3.732,7933696.74
2023-01-12,3.733,3.876,3.6,3.852,9736116.56
2023-01-13,3.852,4.111,3.737,4.018,9448750.45
2023-01-14,4.018,4.87,3.953,4.804,18312585.31
2023-01-15,4.805,4.99,4.452,4.699,16216645.18
2023-01-16,4.7,4.86,4.415,4.57,9266421.05
2023-01-17,4.571,4.89,4.43,4.626,7241242.2
2023-01-18,4.627,4.74,4.211,4.252,7195617.58
2023-01-19,4.253,4.436,4.246,4.404,3714514.39
2023-01-20,4.404,4.783,4.336,4.741,4978970.3
2023-01-21,4.742,5.199,4.685,4.95,11658933.38
2023-01-22,4.951,5.788,4.9,5.427,13549475.74
2023-01-23,5.424,5.776,5.153,5.422,13346272.08
2023-01-24,5.422,5.556,4.846,4.994,7465263.53
2023-01-25,4.995,5.7,4.808,5.45,10232718.98
2023-01-26,5.451,5.664,5.171,5.433,7983357.84
2023-01-27,5.433,5.485,5.177,5.391,4758740.04
2023-01-28,5.39,5.614,5.156,5.274,5877074.07
2023-01-29,5.272,5.568,5.254,5.477,5184878.51
2023-01-30,5.478,5.531,4.85,5.098,6244352.46
2023-01-31,5.097,5.44,5.004,5.229,5402256.35
2023-02-01,5.229,5.797,5.042,5.687,9650872.34
2023-02-02,5.686,5.87,5.443,5.473,12874190.74
2023-02-03,5.476,5.791,5.411,5.675,7387094.44
2023-02-04,5.675,5.725,5.48,5.521,4167757.78
2023-02-05,5.521,5.55,5.16,5.299,6156378.87
2023-02-06,5.3,5.427,5.072,5.125,5494492.53
2023-02-07,5.126,5.565,5.118,5.537,6702156.38
2023-02-08,5.537,5.718,5.258,5.442,9590936.38
2023-02-09,5.445,5.519,4.61,4.789,8119066.38
2023-02-10,4.79,5.009,4.718,4.848,7554898.11
2023-02-11,4.847,5.121,4.836,5.102,5809550.82
2023-02-12,5.103,5.157,4.85,4.919,3705643.63
2023-02-13,4.919,4.967,4.684,4.867,4878274.92
2023-02-14,4.868,5.104,4.75,5.091,4732835.51
2023-02-15,5.091,5.496,5.005,5.483,6367931.42
2023-02-16,5.482,6.0,5.351,5.403,12388250.64
2023-02-17,5.404,7.9,5.397,7.609,48200213.76
2023-02-18,7.599,7.979,7.186,7.52,25407230.11
2023-02-19,7.52,9.5,7.52,8.466,48692958.43
2023-02-20,8.467,8.719,8.066,8.526,25086242.33
2023-02-21,8.529,8.686,7.67,8.182,20341748.1
2023-02-22,8.184,9.183,7.513,8.031,38632546.13
2023-02-23,8.029,8.276,7.625,7.846,15135969.55
2023-02-24,7.847,8.052,6.605,6.853,20489714.28
2023-02-25,6.852,6.997,6.35,6.706,13216949.99
2023-02-26,6.709,7.0,6.637,6.906,8533404.12
2023-02-27,6.905,7.274,6.668,6.851,8732600.21
2023-02-28,6.853,6.881,6.309,6.484,7950118.57
2023-03-01,6.484,7.296,6.408,7.251,13169882.19
2023-03-02,7.251,7.365,6.642,6.905,8599511.62
2023-03-03,6.905,6.975,5.925,6.259,14201717.09
2023-03-04,6.26,6.325,5.684,5.915,6310103.1
2023-03-05,5.916,6.281,5.876,6.139,7033919.63
2023-03-06,6.138,6.245,6.005,6.098,5514872.8
2023-03-07,6.098,6.197,5.764,5.969,8253372.68
2023-03-08,5.973,6.106,5.597,5.782,8685413.12
2023-03-09,5.781,6.2,5.284,5.509,16702539.55
2023-03-10,5.51,5.528,5.103,5.313,14831813.59
2023-03-11,5.314,5.512,4.654,4.95,18588316.41
2023-03-12,4.951,5.77,4.804,5.714,13776947.63
2023-03-13,5.713,6.584,5.596,6.376,33496210.15
2023-03-14,6.377,7.583,6.126,6.751,26282981.43
2023-03-15,6.752,7.043,5.328,5.595,31566715.18
2023-03-16,5.596,5.93,5.503,5.804,17795138.33
2023-03-17,5.804,6.485,5.7,6.39,18362358.25
2023-03-18,6.389,6.555,5.824,5.874,14729227.96
2023-03-19,5.875,6.52,5.85,6.281,10726790.57
2023-03-20,6.281,6.454,5.656,5.72,14317737.14
2023-03-21,5.719,6.093,5.611,5.923,11385930.48
2023-03-22,5.924,5.979,5.308,5.651,13939358.47
2023-03-23,5.649,5.972,5.608,5.925,7736964.07
2023-03-24,5.924,6.06,5.443,5.554,10831132.88
2023-03-25,5.554,5.628,5.255,5.378,5732394.01
2023-03-26,5.378,5.745,5.351,5.681,4560386.24
2023-03-27,5.681,5.7,5.199,5.344,7010858.59
2023-03-28,5.345,5.633,5.265,5.555,5840062.52
2023-03-29,5.556,5.828,5.54,5.732,6540897.82
2023-03-30,5.733,5.886,5.429,5.563,7124398.29
2023-03-31,5.563,5.737,5.439,5.686,5725034.22
2023-04-01,5.686,5.801,5.551,5.761,5068427.36
2023-04-02,5.761,5.795,5.435,5.546,4361119.13
2023-04-03,5.546,5.684,5.336,5.572,6483211.18
2023-04-04,5.571,5.667,5.513,5.616,4360174.61
2023-04-05,5.614,5.791,5.542,5.671,6590253.03
2023-04-06,5.671,5.685,5.52,5.601,3436968.63
2023-04-07,5.601,6.016,5.504,5.789,8843174.54
2023-04-08,5.788,5.95,5.736,5.766,6675649.34
2023-04-09,5.766,5.891,5.618,5.749,4939436.35
2023-04-10,5.747,6.24,5.662,6.172,7390030.86
2023-04-11,6.171,6.18,5.95,6.109,8519495.29
2023-04-12,6.11,6.127,5.801,5.963,7947580.22
2023-04-13,5.964,6.142,5.906,6.077,4627985.34
2023-04-14,6.077,6.33,5.93,6.223,8631369.62
2023-04-15,6.223,6.436,6.066,6.296,7303099.95
2023-04-16,6.296,6.388,6.192,6.339,5070569.58
2023-04-17,6.338,6.369,6.024,6.119,5996865.5
2023-04-18,6.119,6.313,6.025,6.261,4663640.9
2023-04-19,6.262,6.305,5.555,5.696,9752936.34
2023-04-20,5.695,5.822,5.458,5.564,6411652.37
2023-04-21,5.562,5.634,5.122,5.258,7016807.46
2023-04-22,5.259,5.5,5.209,5.329,4494479.93
2023-04-23,5.329,5.401,5.135,5.269,5218200.15
2023-04-24,5.269,5.351,5.157,5.255,4361045.26
2023-04-25,5.256,5.381,5.143,5.347,3903302.15
2023-04-26,5.348,5.55,5.018,5.25,8571048.58
2023-04-27,5.251,5.487,5.209,5.39,5862398.31
2023-04-28,5.389,5.533,5.264,5.509,4600379.5
2023-04-29,5.51,5.671,5.423,5.571,6201135.86
2023-04-30,5.571,5.615,5.381,5.416,3495022.41
2023-05-01,5.417,5.461,5.19,5.301,4329205.28
2023-05-02,5.301,5.325,5.214,5.282,2720023.91
2023-05-03,5.282,5.384,5.2,5.345,4281571.45
2023-05-04,5.345,5.366,5.23,5.265,2711048.58
2023-05-05,5.265,5.327,5.1,5.263,4142202.99
2023-05-06,5.264,5.295,4.993,5.046,4371529.48
2023-05-07,5.047,5.131,5.003,5.031,2843315.82
2023-05-08,5.031,5.075,4.332,4.535,9792865.43
2023-05-09,4.536,4.604,4.488,4.545,4480843.91
2023-05-10,4.546,4.737,4.365,4.598,8805547.77
2023-05-11,4.598,4.605,4.205,4.352,7397145.57
2023-05-12,4.353,4.446,4.196,4.437,5854780.26
2023-05-13,4.438,4.442,4.334,4.384,2704107.92
2023-05-14,4.384,4.493,4.325,4.45,2291422.59
2023-05-15,4.45,4.54,4.365,4.453,4047087.22
2023-05-16,4.453,4.492,4.372,4.427,4034632.44
2023-05-17,4.427,4.61,4.381,4.546,6646494.79
2023-05-18,4.546,4.672,4.389,4.459,5807741.42
2023-05-19,4.459,4.513,4.424,4.495,2476900.81
2023-05-20,4.493,4.534,4.453,4.511,1493131.29
2023-05-21,4.511,4.529,4.332,4.376,2004464.49
2023-05-22,4.376,4.438,4.3,4.41,2255817.62
2023-05-23,4.411,4.528,4.395,4.521,2757249.44
2023-05-24,4.521,4.528,4.335,4.46,4248893.31
2023-05-25,4.46,4.476,4.333,4.416,2317113.04
2023-05-26,4.416,4.46,4.372,4.44,1635703.55
2023-05-27,4.441,4.51,4.409,4.479,1858493.78
2023-05-28,4.479,4.707,4.469,4.66,3493538.41
2023-05-29,4.66,4.721,4.586,4.633,3080686.57
2023-05-30,4.634,4.909,4.597,4.825,5517647.48
2023-05-31,4.824,4.887,4.606,4.692,4124831.02
2023-06-01,4.693,4.757,4.613,4.697,2337558.7
2023-06-02,4.698,5.027,4.677,4.963,6396047.89
2023-06-03,4.963,4.988,4.802,4.854,2648817.68
2023-06-04,4.855,4.895,4.613,4.661,5828437.7
2023-06-05,4.661,4.663,4.002,4.216,8788471.16
2023-06-06,4.216,4.442,4.143,4.399,4885043.91
2023-06-07,4.4,4.4,4.05,4.138,4135018.02
2023-06-08,4.137,4.179,4.077,4.093,2492885.92
2023-06-09,4.093,4.146,3.956,4.032,3080898.33
2023-06-10,4.033,4.041,2.7,3.485,25714218.04
2023-06-11,3.485,3.502,3.347,3.429,3932186.98
2023-06-12,3.428,3.612,3.294,3.526,4642423.59
2023-06-13,3.527,3.745,3.495,3.658,6182171.39
2023-06-14,3.658,3.76,3.458,3.565,3843224.06
2023-06-15,3.564,3.72,3.47,3.661,4200251.94
2023-06-16,3.661,3.749,3.534,3.694,2839177.04
2023-06-17,3.694,3.82,3.658,3.708,2839038.29
2023-06-18,3.708,3.756,3.628,3.681,2079207.19
2023-06-19,3.681,3.703,3.58,3.688,2598296.11
2023-06-20,3.688,3.815,3.588,3.785,3519623.14
2023-06-21,3.785,3.975,3.746,3.921,7439188.09
2023-06-22,3.923,4.091,3.84,3.921,4588286.46
2023-06-23,3.921,4.148,3.919,4.042,4515261.3
2023-06-24,4.042,4.071,3.815,3.927,3826684.68
2023-06-25,3.928,4.274,3.913,4.121,5814155.45
2023-06-26,4.121,4.155,3.888,3.956,4040557.12
2023-06-27,3.958,4.082,3.942,4.028,2518689.16
2023-06-28,4.027,4.05,3.642,3.771,4179031.75
2023-06-29,3.771,3.896,3.764,3.832,2519689.76
2023-06-30,3.833,4.04,3.561,3.948,7697657.75
2023-07-01,3.948,4.259,3.906,4.107,6623940.12
2023-07-02,4.106,4.13,3.935,4.109,4937993.31
2023-07-03,4.11,5.0,4.074,4.734,28961489.98
2023-07-04,4.737,4.766,4.417,4.546,7988349.41
2023-07-05,4.547,4.87,4.321,4.6,14798522.19
2023-07-06,4.599,4.687,4.31,4.318,7601823.69
2023-07-07,4.317,4.458,4.26,4.403,3671119.91
2023-07-08,4.404,4.436,4.22,4.338,2769692.72
2023-07-09,4.337,4.43,4.314,4.335,2997736.67
2023-07-10,4.335,4.42,4.142,4.321,5262818.34
2023-07-11,4.32,4.349,4.214,4.296,2555384.83
2023-07-12,4.296,4.364,4.18,4.236,3555160.29
2023-07-13,4.236,4.73,4.181,4.672,7879172.23
2023-07-14,4.672,4.742,4.3,4.438,8649539.59
2023-07-15,4.437,4.506,4.376,4.436,3392994.87
2023-07-16,4.436,4.465,4.308,4.355,3494580.06
2023-07-17,4.354,4.484,4.211,4.345,4461747.8
2023-07-18,4.346,4.389,4.172,4.28,2477611.29
2023-07-19,4.28,4.395,4.216,4.259,1980780.98
2023-07-20,4.258,4.588,4.238,4.44,8885866.85
2023-07-21,4.441,4.55,4.396,4.477,4790232.58
2023-07-22,4.477,4.572,4.386,4.457,4172125.43
2023-07-23,4.456,4.675,4.436,4.562,4863178.48
2023-07-24,4.561,4.6,4.301,4.523,5815145.13
2023-07-25,4.521,4.554,4.372,4.402,3279457.5
2023-07-26,4.401,4.404,4.239,4.331,4641346.11
2023-07-27,4.329,4.434,4.306,4.431,3544900.28
2023-07-28,4.431,4.487,4.371,4.394,2993368.29
2023-07-29,4.393,4.445,4.376,4.419,2284607.35
2023-07-30,4.419,4.443,4.181,4.314,2714189.97
2023-07-31,4.314,4.365,4.197,4.258,2723657.74
2023-08-01,4.258,4.291,4.1,4.282,3099834.89
2023-08-02,4.281,4.328,4.196,4.261,4430584.65
2023-08-03,4.261,4.297,4.06,4.106,2928422.01
2023-08-04,4.108,4.158,4.045,4.095,2521161.08
2023-08-05,4.094,4.132,4.023,4.102,2071426.28
2023-08-06,4.103,4.179,4.096,4.164,1541092.74
2023-08-07,4.165,4.219,4.0,4.107,2480779.46
2023-08-08,4.105,4.213,4.069,4.143,2270207.29
2023-08-09,4.143,4.2,4.105,4.15,1821817.93
2023-08-10,4.153,4.162,4.091,4.141,1650156.94
2023-08-11,4.142,4.16,4.092,4.11,1087770.84
2023-08-12,4.11,4.141,4.095,4.129,947823.61
2023-08-13,4.129,4.177,4.059,4.096,1499594.82
2023-08-14,4.096,4.125,4.042,4.077,1543494.41
2023-08-15,4.076,4.084,3.622,3.857,5013440.39
2023-08-16,3.855,3.871,3.61,3.729,3582218.81
2023-08-17,3.729,3.792,3.033,3.438,6667133.26
2023-08-18,3.437,3.527,3.418,3.501,3339157.47
2023-08-19,3.5,3.618,3.491,3.571,1563844.76
2023-08-20,3.57,3.59,3.518,3.564,1088357.4
2023-08-21,3.565,3.578,3.345,3.415,4605672.27
2023-08-22,3.414,3.426,3.202,3.393,2659753.76
2023-08-23,3.392,3.489,3.364,3.452,2825497.6
2023-08-24,3.452,3.468,3.249,3.3,4688285.96
2023-08-25,3.3,3.3,3.183,3.237,3722169.81
2023-08-26,3.237,3.283,3.221,3.26,1364398.08
2023-08-27,3.261,3.319,3.218,3.318,2586144.75
2023-08-28,3.317,3.396,3.274,3.395,5824819.18
2023-08-29,3.395,3.578,3.294,3.498,6966706.81
2023-08-30,3.499,3.503,3.364,3.416,2682243.39
2023-08-31,3.416,3.443,3.1,3.214,7379956.92
2023-09-01,3.216,3.235,3.107,3.173,3105447.03
2023-09-02,3.173,3.24,3.133,3.188,2042379.92
2023-09-03,3.189,3.196,3.107,3.166,1461182.69
2023-09-04,3.167,3.32,3.118,3.178,3169803.77
2023-09-05,3.177,3.264,3.143,3.236,2442816.97
2023-09-06,3.239,3.31,3.174,3.246,3621624.27
2023-09-07,3.245,3.284,3.203,3.265,2506504.39
2023-09-08,3.266,3.287,3.174,3.227,2503326.26
2023-09-09,3.227,3.271,3.213,3.24,1163049.83
2023-09-10,3.241,3.245,3.0,3.113,4325831.04
2023-09-11,3.113,3.127,2.95,3.026,4242416.56
2023-09-12,3.026,3.199,3.018,3.089,3190831.2
2023-09-13,3.087,3.228,3.077,3.174,3377543.85
2023-09-14,3.174,3.251,3.152,3.233,2545017.72
2023-09-15,3.233,3.388,3.216,3.367,3445278.34
2023-09-16,3.367,3.46,3.304,3.322,3645110.5
2023-09-17,3.322,3.415,3.236,3.329,2901761.51
2023-09-18,3.329,3.433,3.288,3.331,3657123.39
2023-09-19,3.33,3.411,3.307,3.368,2213474.69
2023-09-20,3.368,3.418,3.307,3.366,2880129.65
2023-09-21,3.365,3.389,3.187,3.214,2931081.33
2023-09-22,3.214,3.243,3.186,3.223,1723161.23
2023-09-23,3.224,3.249,3.193,3.241,1362182.4
2023-09-24,3.242,3.268,3.174,3.21,1724733.46
2023-09-25,3.21,3.246,3.165,3.211,1700628.05
2023-09-26,3.212,3.228,3.103,3.171,1771294.15
2023-09-27,3.172,3.283,3.169,3.211,2198978.87
2023-09-28,3.211,3.315,3.208,3.313,1827613.39
2023-09-29,3.312,3.371,3.277,3.336,1891233.22
2023-09-30,3.336,3.38,3.306,3.354,1407996.05
2023-10-01,3.354,3.479,3.339,3.465,2181991.62
2023-10-02,3.466,3.468,3.29,3.331,2204369.69
2023-10-03,3.332,3.362,3.282,3.309,1183108.02
2023-10-04,3.309,3.33,3.213,3.311,1882007.15
2023-10-05,3.31,3.328,3.246,3.258,1656105.23
2023-10-06,3.259,3.374,3.244,3.335,1318344.12
2023-10-07,3.335,3.45,3.32,3.447,1873625.4
2023-10-08,3.448,3.45,3.374,3.394,2298946.45
2023-10-09,3.394,3.428,3.155,3.226,4046641.68
2023-10-10,3.226,3.238,3.166,3.195,1736391.41
2023-10-11,3.195,3.208,3.112,3.176,1779802.82
2023-10-12,3.176,3.242,3.126,3.21,1827343.04
2023-10-13,3.21,3.245,3.174,3.208,1417844.65
2023-10-14,3.208,3.237,3.202,3.212,668374.2
2023-10-15,3.213,3.238,3.197,3.225,964889.54
2023-10-16,3.225,3.368,3.204,3.249,3440570.43
2023-10-17,3.25,3.259,3.121,3.206,2648532.05
2023-10-18,3.205,3.243,3.155,3.174,1516487.69
2023-10-19,3.174,3.198,3.131,3.191,2162022.21
2023-10-20,3.192,3.29,3.174,3.214,2884799.8
2023-10-21,3.214,3.385,3.202,3.341,3676556.33
2023-10-22,3.341,3.456,3.312,3.423,4502262.37
2023-10-23,3.423,3.95,3.396,3.861,10285258.63
2023-10-24,3.859,3.988,3.699,3.833,12342502.94
2023-10-25,3.833,3.977,3.681,3.771,6005816.29
2023-10-26,3.771,3.877,3.6,3.732,5091963.03
2023-10-27,3.732,3.737,3.518,3.591,3708781.77
2023-10-28,3.591,3.753,3.587,3.735,2251485.68
2023-10-29,3.735,3.94,3.641,3.795,3764365.23
2023-10-30,3.794,3.878,3.73,3.857,3600650.41
2023-10-31,3.857,3.94,3.696,3.828,5889311.52
2023-11-01,3.828,4.0,3.706,3.938,5816055.31
2023-11-02,3.937,4.187,3.776,4.091,8449904.45
2023-11-03,4.092,4.097,3.834,3.925,6582792.65
2023-11-04,3.924,4.027,3.891,4.002,2767073.21
2023-11-05,4.001,4.154,3.978,4.11,5014212.7
2023-11-06,4.11,4.46,4.05,4.34,8091769.39
2023-11-07,4.338,4.349,4.076,4.236,6178144.19
2023-11-08,4.236,4.472,4.213,4.43,4091609.58
2023-11-09,4.43,4.696,4.172,4.499,10754292.15
2023-11-10,4.501,4.653,4.369,4.584,6645708.47
2023-11-11,4.584,4.9,4.45,4.739,9682155.32
2023-11-12,4.739,5.257,4.541,5.144,9994734.16
2023-11-13,5.143,5.666,5.0,5.012,24888248.97
2023-11-14,5.011,5.158,4.571,4.789,13554795.27
2023-11-15,4.789,5.285,4.773,5.219,9915926.26
2023-11-16,5.217,5.422,4.748,4.85,11328113.54
2023-11-17,4.849,4.972,4.52,4.737,7627768.6
2023-11-18,4.736,4.739,4.383,4.716,5987989.1
2023-11-19,4.715,4.92,4.604,4.881,4856132.72
2023-11-20,4.883,4.902,4.612,4.687,5820722.21
2023-11-21,4.686,4.742,4.15,4.192,12242806.25
2023-11-22,4.192,4.538,4.181,4.474,6045144.38
2023-11-23,4.475,4.564,4.413,4.487,3647500.15
2023-11-24,4.487,4.714,4.481,4.643,4512581.87
2023-11-25,4.643,4.783,4.609,4.779,3199948.99
2023-11-26,4.779,4.815,4.446,4.595,5617890.98
2023-11-27,4.597,4.647,4.418,4.541,5674285.02
2023-11-28,4.542,4.587,4.371,4.533,4941008.17
2023-11-29,4.533,4.598,4.411,4.433,5077466.42
2023-11-30,4.434,4.451,4.331,4.384,3385920.79
2023-12-01,4.384,4.556,4.35,4.505,4159445.01
2023-12-02,4.506,4.729,4.493,4.662,4427271.94
2023-12-03,4.662,4.722,4.424,4.574,7059679.55
2023-12-04,4.575,4.852,4.48,4.732,11780465.27
2023-12-05,4.732,4.867,4.55,4.784,9557157.01
2023-12-06,4.785,4.85,4.618,4.739,8898476.79
2023-12-07,4.739,5.1,4.73,5.031,11733660.16
2023-12-08,5.03,5.259,4.937,5.219,7578381.7
2023-12-09,5.221,5.477,5.06,5.127,13026472.84
2023-12-10,5.127,5.229,4.972,5.151,6211295.0
2023-12-11,5.151,5.198,4.44,4.615,12952001.03
2023-12-12,4.614,4.77,4.502,4.649,10023468.86
2023-12-13,4.65,4.772,4.41,4.722,6386206.72
2023-12-14,4.723,4.892,4.56,4.86,7557201.58
2023-12-15,4.86,4.986,4.67,4.806,10234595.04
2023-12-16,4.806,6.19,4.693,5.696,38862296.48
2023-12-17,5.696,5.792,5.242,5.28,25744005.62
2023-12-18,5.279,5.406,4.863,5.305,16879492.59
2023-12-19,5.305,5.451,5.037,5.108,9390603.74
2023-12-20,5.108,5.393,5.068,5.33,8148450.0
2023-12-21,5.328,5.543,5.265,5.499,8519588.03
2023-12-22,5.499,5.795,5.42,5.53,12595963.18
2023-12-23,5.53,5.644,5.275,5.64,6823121.67
2023-12-24,5.641,5.768,5.413,5.637,11388470.92
2023-12-25,5.637,5.892,5.572,5.79,12262777.26
2023-12-26,5.79,5.819,5.26,5.757,13321213.31
2023-12-27,5.758,6.09,5.5,5.929,14290884.72
2023-12-28,5.928,6.299,5.805,6.251,17355258.7
2023-12-29,6.251,6.308,5.664,5.81,16192033.11
2023-12-30,5.811,6.099,5.726,6.005,7778926.69
2023-12-31,6.006,7.454,5.927,6.92,35965684.19
2024-01-01,6.921,8.12,6.729,7.569,39540183.47
2024-01-02,7.57,7.884,7.079,7.174,25450385.47
2024-01-03,7.174,7.74,5.666,6.288,33656144.32
2024-01-04,6.288,6.649,6.155,6.495,13938335.06
2024-01-05,6.494,6.55,5.76,6.153,12942395.83
2024-01-06,6.152,6.298,5.722,5.894,10591101.57
2024-01-07,5.892,6.147,5.501,5.623,8813249.85
2024-01-08,5.62,5.897,5.057,5.856,17487671.51
2024-01-09,5.857,5.899,5.216,5.491,12187825.7
2024-01-10,5.491,6.089,5.258,5.942,12197476.38
2024-01-11,5.944,6.506,5.881,6.459,19328146.74
2024-01-12,6.46,6.486,5.775,5.973,14196554.55
2024-01-13,5.974,6.158,5.712,6.029,6736145.47
2024-01-14,6.027,6.266,5.792,5.814,10285383.29
2024-01-15,5.813,6.14,5.805,5.925,6556963.12
2024-01-16,5.926,5.994,5.73,5.857,6644940.19
2024-01-17,5.857,5.908,5.612,5.79,6909429.99
2024-01-18,5.792,5.978,5.488,5.616,10267925.47
2024-01-19,5.617,5.635,5.13,5.48,9145354.96
2024-01-20,5.479,5.552,5.386,5.513,4062210.41
2024-01-21,5.512,5.565,5.357,5.362,4025052.54
2024-01-22,5.362,5.406,5.013,5.046,9827646.72
2024-01-23,5.047,5.139,4.614,4.893,11002966.09
2024-01-24,4.894,5.029,4.795,5.01,6548329.63
2024-01-25,5.011,5.036,4.825,4.967,4180826.98
2024-01-26,4.967,5.233,4.907,5.175,5612454.74
2024-01-27,5.175,5.399,5.11,5.331,4444582.33
2024-01-28,5.33,5.414,5.127,5.199,4104880.07
2024-01-29,5.2,5.369,5.111,5.337,4330513.46
2024-01-30,5.339,5.382,5.13,5.158,5063012.85
2024-01-31,5.157,5.18,4.892,4.959,6189580.82
2024-02-01,4.959,5.003,4.853,4.974,4483003.77
2024-02-02,4.974,5.082,4.936,5.046,4381318.47
2024-02-03,5.047,5.317,5.029,5.065,7175803.4
2024-02-04,5.065,5.068,4.897,4.928,3838009.54
2024-02-05,4.926,5.045,4.856,4.998,3425094.63
2024-02-06,4.997,5.149,4.938,5.07,4024474.66
2024-02-07,5.07,5.197,4.976,5.186,4713040.47
2024-02-08,5.186,5.275,5.142,5.225,4531232.33
2024-02-09,5.226,5.55,5.217,5.473,8242691.9
2024-02-10,5.474,5.501,5.281,5.354,4609527.39
2024-02-11,5.354,5.445,5.262,5.308,3555056.95
2024-02-12,5.309,5.496,5.209,5.45,5171527.99
2024-02-13,5.45,5.542,5.35,5.488,8727104.89
2024-02-14,5.489,5.669,5.444,5.59,7265567.64
2024-02-15,5.592,5.936,5.591,5.869,9939884.89
2024-02-16,5.869,5.996,5.645,5.788,8697232.07
2024-02-17,5.788,6.396,5.703,6.209,21171155.47
2024-02-18,6.209,6.436,6.064,6.28,13131295.86
2024-02-19,6.28,7.798,6.218,7.397,31254262.25
2024-02-20,7.398,7.999,7.051,7.708,47080029.57
2024-02-21,7.71,7.746,6.808,7.241,21614301.12
2024-02-22,7.241,8.482,7.076,8.068,30725130.79
2024-02-23,8.067,8.572,7.78,8.01,26928009.61
2024-02-24,8.009,8.234,7.7,8.091,11858466.74
2024-02-25,8.092,8.618,7.965,8.117,17710912.24
2024-02-26,8.116,8.327,7.81,8.142,13422984.28
2024-02-27,8.142,8.317,7.478,7.667,15731068.97
2024-02-28,7.665,8.174,6.95,7.715,28164871.45
2024-02-29,7.713,8.881,7.558,8.145,29527126.5
2024-03-01,8.147,8.496,7.946,8.2,13089534.73
2024-03-02,8.2,9.5,8.082,9.303,32786316.79
2024-03-03,9.303,10.877,8.522,10.508,40130439.56
2024-03-04,10.507,10.819,9.732,10.017,29470799.87
2024-03-05,10.017,10.5,7.667,8.88,36482358.8
2024-03-06,8.88,10.237,8.489,10.053,22772044.72
2024-03-07,10.053,10.3,9.49,9.922,16150908.49
2024-03-08,9.923,11.8,9.6,11.452,29953436.45
2024-03-09,11.453,11.85,10.9,11.06,16943245.89
2024-03-10,11.06,11.288,10.302,10.685,12065644.82
2024-03-11,10.685,11.379,10.0,11.18,17885705.64
2024-03-12,11.181,11.202,10.002,10.906,15408132.24
2024-03-13,10.909,11.176,10.271,10.625,12138175.41
2024-03-14,10.625,10.768,9.803,10.504,16151177.73
2024-03-15,10.503,10.629,8.904,9.775,20709758.63
2024-03-16,9.776,9.892,8.618,8.836,15742322.26
2024-03-17,8.836,9.357,8.294,9.175,12590606.15
2024-03-18,9.175,9.769,8.616,8.871,13898383.01
2024-03-19,8.867,8.968,7.856,7.998,18291016.34
2024-03-20,7.998,8.751,7.676,8.637,16440553.38
2024-03-21,8.636,9.3,8.56,9.022,15499809.42
2024-03-22,9.02,9.277,8.399,8.724,12488557.3
2024-03-23,8.725,8.961,8.495,8.629,7665620.99
2024-03-24,8.629,8.985,8.519,8.913,5908815.59
2024-03-25,8.913,9.543,8.825,9.374,10542804.36
2024-03-26,9.374,9.758,9.18,9.441,11712522.04
2024-03-27,9.44,9.627,8.9,9.124,10795873.27
2024-03-28,9.123,9.373,8.968,9.301,6477656.41
2024-03-29,9.301,10.247,9.199,9.644,17822374.72
2024-03-30,9.645,9.956,9.397,9.437,8977923.59
2024-03-31,9.437,9.986,9.4,9.96,5315842.84
2024-04-01,9.961,10.409,9.03,9.378,15400401.39
2024-04-02,9.377,9.378,8.464,8.575,13495505.46
2024-04-03,8.576,8.791,8.253,8.422,10808654.62
2024-04-04,8.421,9.0,8.206,8.633,8297088.89
2024-04-05,8.633,8.656,8.091,8.393,7325407.31
2024-04-06,8.39,8.68,8.34,8.578,3567323.49
2024-04-07,8.58,8.893,8.56,8.833,4415951.69
2024-04-08,8.832,9.348,8.663,9.31,7482225.57
2024-04-09,9.309,9.338,8.6,8.657,10034074.06
2024-04-10,8.657,8.717,8.182,8.492,10819977.88
2024-04-11,8.491,8.604,7.962,8.052,9267905.01
2024-04-12,8.052,8.22,5.55,6.608,26402006.06
2024-04-13,6.608,6.739,5.0,5.723,38116651.55
2024-04-14,5.721,6.242,5.466,6.153,25255181.68
2024-04-15,6.153,6.539,5.68,6.003,19001480.9
2024-04-16,6.004,6.129,5.696,6.076,12832412.2
2024-04-17,6.075,6.113,5.6,5.845,10070057.5
2024-04-18,5.844,6.053,5.709,5.995,8268801.89
2024-04-19,5.996,6.287,5.526,6.145,12051201.45
2024-04-20,6.145,6.698,6.057,6.649,6570586.93
2024-04-21,6.649,6.764,6.332,6.48,7449598.3
2024-04-22,6.479,6.727,6.41,6.571,7022218.3
2024-04-23,6.57,6.661,6.333,6.388,5344016.05
2024-04-24,6.387,6.539,5.976,6.05,8919138.51
2024-04-25,6.05,6.117,5.828,5.993,6268686.22
2024-04-26,5.993,6.116,5.827,6.006,6248659.01
2024-04-27,6.007,6.025,5.667,5.923,6870742.37
2024-04-28,5.923,6.128,5.861,5.899,4779905.25
2024-04-29,5.899,5.99,5.722,5.918,6095538.71
2024-04-30,5.919,5.997,5.432,5.626,8856794.96
2024-05-01,5.624,5.779,5.204,5.717,11042997.49
2024-05-02,5.717,6.028,5.548,5.928,5589898.92
2024-05-03,5.927,6.14,5.83,6.047,5333370.65
2024-05-04,6.046,6.213,6.0,6.057,4829979.85
2024-05-05,6.056,6.302,5.946,6.153,5647081.23
2024-05-06,6.154,6.422,6.015,6.027,8252155.07
2024-05-07,6.027,6.135,5.765,5.772,6402246.59
2024-05-08,5.771,5.819,5.607,5.704,5458454.74
2024-05-09,5.702,5.937,5.684,5.92,4521730.95
2024-05-10,5.919,5.975,5.564,5.622,6371172.95
2024-05-11,5.624,5.689,5.544,5.608,3067354.61
2024-05-12,5.607,5.698,5.558,5.605,2090376.74
2024-05-13,5.605,5.713,5.366,5.604,6328847.14
2024-05-14,5.604,5.622,5.32,5.351,4690856.05
2024-05-15,5.351,5.841,5.28,5.784,5871199.74
2024-05-16,5.784,5.92,5.619,5.752,6004076.71
2024-05-17,5.752,5.989,5.685,5.884,4957475.03
2024-05-18,5.884,5.986,5.805,5.85,3164768.34
2024-05-19,5.851,5.963,5.48,5.552,5318561.75
2024-05-20,5.552,6.204,5.484,6.17,10848569.93
2024-05-21,6.168,6.358,6.053,6.235,9495593.06
2024-05-22,6.234,6.31,5.96,6.118,7136409.71
2024-05-23,6.118,6.236,5.5,5.795,12909952.42
2024-05-24,5.794,5.893,5.653,5.82,6059753.88
2024-05-25,5.819,6.046,5.809,6.006,3971770.54
2024-05-26,6.006,6.04,5.81,5.855,3703042.69
2024-05-27,5.854,6.245,5.84,6.116,5532546.43
2024-05-28,6.116,6.131,5.829,5.94,5801119.79
2024-05-29,5.94,6.049,5.755,5.787,5081259.69
2024-05-30,5.786,5.929,5.63,5.808,4641191.16
2024-05-31,5.808,5.853,5.636,5.734,3723881.05
2024-06-01,5.733,5.817,5.706,5.795,1722900.0
2024-06-02,5.796,5.922,5.692,5.807,3757665.02
2024-06-03,5.808,5.959,5.746,5.786,5565154.03
2024-06-04,5.786,6.05,5.711,5.959,5663688.14
2024-06-05,5.96,6.104,5.94,6.075,5226184.29
2024-06-06,6.076,6.094,5.841,5.957,4441854.16
2024-06-07,5.957,6.753,5.7,6.116,25835664.82
2024-06-08,6.116,6.47,5.98,6.055,14512600.72
2024-06-09,6.054,6.368,6.011,6.128,8379236.2
2024-06-10,6.125,6.152,5.692,5.793,9043115.43
2024-06-11,5.793,5.816,5.286,5.384,10751767.73
2024-06-12,5.385,5.75,5.214,5.654,10120178.99
2024-06-13,5.654,5.696,5.292,5.384,7048278.78
2024-06-14,5.385,5.471,4.946,5.093,7655137.4
2024-06-15,5.093,5.366,5.086,5.228,4495330.61
2024-06-16,5.232,5.295,5.127,5.24,2120887.97
2024-06-17,5.24,5.278,4.714,4.928,8795405.95
2024-06-18,4.928,4.943,4.1,4.353,18506384.08
2024-06-19,4.352,4.498,4.295,4.441,5593807.38
2024-06-20,4.441,4.621,4.317,4.409,4811405.96
2024-06-21,4.409,4.45,4.271,4.399,3933528.09
2024-06-22,4.401,4.445,4.344,4.378,1834991.6
2024-06-23,4.379,4.478,4.222,4.289,3378282.98
2024-06-24,4.288,4.415,4.009,4.397,10204185.87
2024-06-25,4.398,4.525,4.36,4.443,4575795.2
2024-06-26,4.443,4.499,4.321,4.395,3412631.44
2024-06-27,4.395,4.53,4.283,4.506,3327652.26
2024-06-28,4.505,4.582,4.38,4.383,3854857.43
2024-06-29,4.383,4.452,4.322,4.348,2091753.66
2024-06-30,4.349,4.502,4.3,4.48,2730208.14
2024-07-01,4.48,4.56,4.326,4.33,3960089.13
2024-07-02,4.33,4.462,4.306,4.418,2975194.63
2024-07-03,4.418,4.438,4.019,4.104,5409980.19
2024-07-04,4.104,4.135,3.765,3.781,6961212.56
2024-07-05,3.781,3.79,3.25,3.541,17363916.52
2024-07-06,3.544,4.019,3.5,3.977,6349062.14
2024-07-07,3.977,3.977,3.609,3.636,4202789.6
2024-07-08,3.636,3.943,3.451,3.818,8699336.78
2024-07-09,3.817,3.962,3.751,3.91,3585416.48
2024-07-10,3.91,3.995,3.834,3.972,3325446.04
2024-07-11,3.972,4.234,3.939,4.082,6903910.2
2024-07-12,4.081,4.147,3.955,4.125,4569453.85
2024-07-13,4.125,4.316,4.088,4.284,4239835.34
2024-07-14,4.284,4.35,4.185,4.274,3718983.8
2024-07-15,4.272,4.461,4.206,4.443,5965198.63
2024-07-16,4.444,4.624,4.236,4.535,6784867.39
2024-07-17,4.534,4.841,4.483,4.556,7783454.01
2024-07-18,4.557,4.657,4.307,4.387,4705662.6
2024-07-19,4.387,4.71,4.293,4.653,5361715.89
2024-07-20,4.653,4.784,4.572,4.711,4308875.56
2024-07-21,4.711,4.801,4.493,4.777,3905922.11
2024-07-22,4.777,4.822,4.481,4.509,4330053.77
2024-07-23,4.509,4.603,4.334,4.455,4056304.67
2024-07-24,4.455,4.55,4.211,4.269,3164956.38
2024-07-25,4.268,4.289,4.037,4.199,4789833.42
2024-07-26,4.199,4.712,4.186,4.642,8957206.26
2024-07-27,4.643,4.67,4.516,4.575,7078140.96
2024-07-28,4.574,4.645,4.396,4.446,3606257.32
2024-07-29,4.446,4.647,4.404,4.44,3996201.97
2024-07-30,4.44,4.535,4.235,4.333,2849127.33
2024-07-31,4.333,4.378,4.169,4.208,2967106.53
2024-08-01,4.207,4.299,3.876,4.164,6603780.9
2024-08-02,4.164,4.197,3.822,3.872,5631083.84
2024-08-03,3.871,3.955,3.593,3.688,4883304.58
2024-08-04,3.688,3.774,3.373,3.531,5950982.72
2024-08-05,3.53,3.567,2.866,3.237,28212562.71
2024-08-06,3.236,3.589,3.231,3.497,6882848.17
2024-08-07,3.497,3.565,3.317,3.353,5106106.24
2024-08-08,3.354,3.834,3.3,3.832,6528345.9
2024-08-09,3.831,3.86,3.693,3.766,3235673.77
2024-08-10,3.765,3.822,3.728,3.778,1663608.5
2024-08-11,3.779,3.85,3.449,3.49,3468317.03
2024-08-12,3.49,3.794,3.471,3.736,4387789.83
2024-08-13,3.734,3.773,3.592,3.706,3777476.2
2024-08-14,3.706,3.731,3.535,3.582,3574410.59
2024-08-15,3.583,3.678,3.43,3.503,4228015.15
2024-08-16,3.503,3.582,3.408,3.5,3354683.73
2024-08-17,3.5,3.585,3.485,3.569,1605235.75
2024-08-18,3.569,3.629,3.51,3.548,1892386.48
2024-08-19,3.547,3.636,3.529,3.624,2785552.14
2024-08-20,3.624,3.705,3.551,3.652,2987999.44
2024-08-21,3.651,3.838,3.607,3.796,4160107.25
2024-08-22,3.796,3.954,3.759,3.948,4428205.68
2024-08-23,3.948,4.292,3.943,4.225,5822929.48
2024-08-24,4.226,4.337,4.169,4.243,4814060.93
2024-08-25,4.243,4.263,4.056,4.159,4126753.89
2024-08-26,4.159,4.192,3.884,3.928,5240282.36
2024-08-27,3.928,4.049,3.65,3.72,5912778.71
2024-08-28,3.719,3.828,3.553,3.645,6127636.07
2024-08-29,3.645,3.8,3.591,3.644,2912399.67
2024-08-30,3.643,3.712,3.456,3.64,4042623.86
2024-08-31,3.64,3.671,3.533,3.57,1588285.18
2024-09-01,3.569,3.582,3.307,3.36,5782168.14
2024-09-02,3.36,3.524,3.314,3.491,5448557.67
2024-09-03,3.49,3.557,3.343,3.354,3325381.58
2024-09-04,3.355,3.469,3.166,3.393,6323011.97
2024-09-05,3.393,3.428,3.313,3.359,3030032.38
2024-09-06,3.358,3.417,3.144,3.274,7317276.93
2024-09-07,3.273,3.374,3.27,3.35,2324807.0
2024-09-08,3.349,3.443,3.319,3.408,2477317.34
2024-09-09,3.407,3.676,3.369,3.601,7303023.53
2024-09-10,3.601,3.693,3.54,3.658,3217967.07
2024-09-11,3.659,3.666,3.485,3.601,4767634.07
2024-09-12,3.6,3.683,3.577,3.657,3329963.52
2024-09-13,3.657,3.77,3.622,3.725,5025812.46
2024-09-14,3.726,3.745,3.637,3.66,2355993.52
2024-09-15,3.661,3.685,3.411,3.447,3535130.73
2024-09-16,3.449,3.479,3.36,3.414,3592284.89
2024-09-17,3.414,3.532,3.385,3.464,2881725.3
2024-09-18,3.464,3.619,3.364,3.615,4181543.54
2024-09-19,3.615,3.756,3.615,3.685,5471090.64
2024-09-20,3.686,3.84,3.653,3.778,4843947.27
2024-09-21,3.778,3.884,3.696,3.865,2417197.94
2024-09-22,3.865,3.875,3.606,3.722,3781725.13
2024-09-23,3.723,3.811,3.657,3.76,4572929.31
2024-09-24,3.759,3.882,3.696,3.856,5163781.82
2024-09-25,3.857,4.047,3.853,3.942,6827073.09
2024-09-26,3.942,4.147,3.881,4.103,6786950.97
2024-09-27,4.103,4.292,4.095,4.196,5519025.15
2024-09-28,4.196,4.223,4.018,4.126,4401168.94
2024-09-29,4.126,4.157,4.013,4.083,3311346.36
2024-09-30,4.084,4.099,3.779,3.811,6234497.98
2024-10-01,3.811,3.942,3.441,3.556,9283653.63
2024-10-02,3.556,3.686,3.445,3.538,6266656.46
2024-10-03,3.537,3.656,3.423,3.573,6242994.99
2024-10-04,3.572,3.656,3.547,3.647,3179078.38
2024-10-05,3.647,3.679,3.555,3.615,3359382.59
2024-10-06,3.615,3.713,3.605,3.699,3184633.52
2024-10-07,3.698,3.813,3.682,3.71,6237038.84
2024-10-08,3.711,3.777,3.392,3.629,5070462.79
2024-10-09,3.629,3.677,3.455,3.5,3265763.78
2024-10-10,3.5,3.541,3.434,3.539,3389386.63
2024-10-11,3.538,3.617,3.504,3.586,3864400.4
2024-10-12,3.587,3.657,3.574,3.612,3965780.77
2024-10-13,3.612,3.627,3.477,3.568,3581376.61
2024-10-14,3.569,3.9,3.531,3.857,7267230.5
2024-10-15,3.857,3.936,3.688,3.805,8975547.78
2024-10-16,3.804,3.828,3.697,3.75,3883001.75
2024-10-17,3.75,3.772,3.603,3.642,3573886.62
2024-10-18,3.641,3.781,3.625,3.775,3793905.96
2024-10-19,3.776,3.822,3.703,3.766,2270968.73
2024-10-20,3.767,4.017,3.71,3.986,6272459.6
2024-10-21,3.985,4.02,3.781,3.849,5481948.9
2024-10-22,3.849,3.91,3.727,3.805,4702936.03
2024-10-23,3.806,3.813,3.605,3.693,3746707.56
2024-10-24,3.694,3.77,3.65,3.739,2772350.8
2024-10-25,3.74,3.752,3.28,3.442,7026497.77
2024-10-26,3.441,3.49,3.374,3.471,4410221.59
2024-10-27,3.471,3.606,3.455,3.565,2680690.65
2024-10-28,3.565,3.7,3.485,3.626,5630955.4
2024-10-29,3.625,3.742,3.594,3.709,5136299.35
2024-10-30,3.709,3.789,3.661,3.721,4922028.3
2024-10-31,3.72,3.739,3.487,3.534,3851984.92
2024-11-01,3.535,3.587,3.424,3.47,3797052.86
2024-11-02,3.47,3.509,3.39,3.431,2256135.06
2024-11-03,3.431,3.439,3.239,3.341,5116598.75
2024-11-04,3.34,3.407,3.2,3.273,4697816.91
2024-11-05,3.273,3.433,3.269,3.39,3648145.79
2024-11-06,3.391,3.753,3.39,3.709,10391295.2
2024-11-07,3.71,3.827,3.67,3.767,5644049.47
2024-11-08,3.769,3.967,3.679,3.914,9514410.27
2024-11-09,3.914,4.076,3.786,4.052,6789007.27
2024-11-10,4.052,4.422,3.996,4.267,17812632.57
2024-11-11,4.267,4.413,4.113,4.41,17670521.09
2024-11-12,4.411,4.649,4.096,4.222,21728293.76
2024-11-13,4.221,4.294,3.853,4.075,18771495.14
2024-11-14,4.076,4.212,3.802,3.857,9969577.11
2024-11-15,3.856,4.257,3.782,4.2,12606548.64
2024-11-16,4.2,4.824,4.148,4.745,17559631.8
2024-11-17,4.746,4.878,4.25,4.345,17317898.58
2024-11-18,4.345,4.649,4.317,4.535,15496756.8
2024-11-19,4.534,4.585,4.284,4.433,6625362.33
2024-11-20,4.431,4.531,4.117,4.245,9442904.94
2024-11-21,4.246,4.666,4.077,4.529,14685427.62
2024-11-22,4.53,4.968,4.454,4.935,15225428.48
2024-11-23,4.935,5.668,4.833,5.366,33802734.15
2024-11-24,5.367,6.135,5.19,5.724,39393949.59
2024-11-25,5.724,5.858,5.351,5.454,20924647.34
2024-11-26,5.453,5.768,5.156,5.433,17907818.75
2024-11-27,5.434,5.845,5.291,5.808,14711715.25
2024-11-28,5.808,5.896,5.511,5.81,11964132.59
2024-11-29,5.811,6.173,5.624,6.141,12645668.54
2024-11-30,6.141,7.322,6.064,7.074,26215303.84
2024-12-01,7.073,7.093,6.647,6.861,16927436.11
2024-12-02,6.86,7.488,6.62,7.28,33476534.48
2024-12-03,7.281,7.641,6.688,7.305,31356198.34
2024-12-04,7.307,8.424,7.296,8.083,36297005.96
2024-12-05,8.086,8.277,7.51,7.693,24445407.98
2024-12-06,7.692,8.297,7.584,8.075,16699668.54
2024-12-07,8.074,8.085,7.699,7.822,9758905.22
2024-12-08,7.822,7.952,7.575,7.871,9263348.26
2024-12-09,7.873,7.873,5.54,6.268,34117464.09
2024-12-10,6.268,6.478,5.681,6.204,24239573.75
2024-12-11,6.203,6.79,5.944,6.682,14095244.29
2024-12-12,6.682,7.154,6.614,6.734,13595155.15
2024-12-13,6.735,6.855,6.515,6.753,8378230.1
2024-12-14,6.752,6.854,6.264,6.433,6738205.36
2024-12-15,6.436,6.789,6.317,6.737,6669189.88
2024-12-16,6.738,6.944,6.448,6.531,10508886.27
2024-12-17,6.531,6.659,6.216,6.289,9613215.32
2024-12-18,6.291,6.343,5.555,5.654,15905542.68
2024-12-19,5.648,5.738,4.926,5.084,22943406.83
2024-12-20,5.085,5.323,4.38,5.208,27139579.05
2024-12-21,5.21,5.484,4.847,4.92,12064026.11
2024-12-22,4.922,5.06,4.691,4.832,10187259.64
2024-12-23,4.833,5.259,4.721,5.196,11985059.95
2024-12-24,5.196,5.571,5.039,5.462,10795429.65
2024-12-25,5.461,5.5,5.229,5.297,6228431.97
2024-12-26,5.296,5.363,4.906,4.977,6867456.09
2024-12-27,4.978,5.202,4.892,4.95,6621338.53
2024-12-28,4.951,5.284,4.905,5.211,5866071.63
2024-12-29,5.211,5.24,4.916,4.957,4388431.6
2024-12-30,4.957,5.185,4.752,4.928,7106910.71
2024-12-31,4.929,5.141,4.807,4.953,5873342.28
2025-01-01,4.953,5.196,4.849,5.121,6048514.1
2025-01-02,5.122,5.368,5.122,5.306,7036884.91
2025-01-03,5.307,5.753,5.24,5.664,8659289.5
2025-01-04,5.664,5.733,5.563,5.639,5302094.12
2025-01-05,5.641,5.976,5.5,5.912,7355659.76
2025-01-06,5.913,6.304,5.786,5.986,15209023.44
2025-01-07,5.986,6.104,5.333,5.352,13346303.96
2025-01-08,5.353,5.488,4.9,5.112,12079287.68
2025-01-09,5.111,5.191,4.911,5.051,10130058.32
2025-01-10,5.051,5.262,5.012,5.209,7593561.21
2025-01-11,5.209,5.315,5.103,5.203,3357328.87
2025-01-12,5.203,5.236,5.017,5.087,2915020.79
2025-01-13,5.088,5.23,4.607,4.921,13330240.72
2025-01-14,4.921,5.25,4.905,5.212,5788076.94
2025-01-15,5.212,5.678,5.112,5.653,10755969.33
2025-01-16,5.654,5.79,5.387,5.617,11823522.92
2025-01-17,5.618,5.957,5.618,5.831,8659081.82
2025-01-18,5.832,5.87,5.322,5.446,12756363.52
2025-01-19,5.446,5.615,4.844,4.98,20312455.16
2025-01-20,4.98,5.48,4.827,5.106,22249882.47
2025-01-21,5.107,5.349,4.886,5.255,8774021.68
2025-01-22,5.256,5.305,4.963,5.001,6192472.0
2025-01-23,5.002,5.148,4.861,5.062,7631704.08
2025-01-24,5.063,5.201,4.897,5.014,5270016.28
2025-01-25,5.015,5.079,4.926,4.983,3446613.11
2025-01-26,4.982,5.188,4.853,4.862,3864458.86
2025-01-27,4.861,4.865,4.347,4.661,15453604.09
2025-01-28,4.661,4.726,4.325,4.385,5252848.5
2025-01-29,4.385,4.648,4.366,4.514,5739958.29
2025-01-30,4.514,4.899,4.475,4.808,5476685.52
2025-01-31,4.808,4.963,4.68,4.812,6113597.46
2025-02-01,4.811,4.876,4.328,4.372,4558228.36
2025-02-02,4.372,4.465,3.3,3.601,22122363.0
2025-02-03,3.604,3.605,2.594,3.507,50873421.55
2025-02-04,3.506,3.522,3.118,3.334,17316104.82
2025-02-05,3.335,3.385,3.191,3.242,8096026.23
2025-02-06,3.241,3.356,3.084,3.121,9132598.18
2025-02-07,3.121,3.382,3.074,3.188,8734086.21
2025-02-08,3.187,3.327,3.148,3.306,4382412.59
2025-02-09,3.306,3.387,3.158,3.311,4864828.39
2025-02-10,3.31,3.47,3.19,3.429,7637172.27
2025-02-11,3.429,3.537,3.267,3.339,5793973.85
2025-02-12,3.339,3.531,3.175,3.478,11480820.0
2025-02-13,3.479,3.51,3.345,3.403,4910942.42
2025-02-14,3.403,3.628,3.387,3.527,5226042.04
2025-02-15,3.527,3.569,3.381,3.417,2691259.97
2025-02-16,3.416,3.489,3.36,3.398,3332457.35
2025-02-17,3.399,3.514,3.313,3.436,5209127.58
2025-02-18,3.435,3.438,3.133,3.23,8524213.78
2025-02-19,3.23,3.345,3.192,3.326,4112678.93
2025-02-20,3.327,3.527,3.315,3.495,5426848.63
2025-02-21,3.494,3.607,3.253,3.321,8689769.95
2025-02-22,3.321,3.456,3.303,3.434,3366903.67
2025-02-23,3.435,3.507,3.374,3.413,3564973.41
2025-02-24,3.414,3.437,2.94,3.015,11385368.23
2025-02-25,3.016,3.18,2.8,3.142,14508667.79
2025-02-26,3.142,3.222,3.007,3.149,8704888.58
2025-02-27,3.151,3.345,3.127,3.262,6630140.74
2025-02-28,3.261,3.328,2.993,3.249,12108506.91
2025-03-01,3.249,3.299,3.136,3.243,3700048.53
2025-03-02,3.243,3.597,3.183,3.566,11622154.12
2025-03-03,3.564,3.585,2.998,3.071,12889520.31
2025-03-04,3.071,3.086,2.767,3.016,16714969.23
2025-03-05,3.015,3.181,2.974,3.135,7654913.97
2025-03-06,3.135,3.202,3.044,3.087,6678078.69
2025-03-07,3.086,3.226,2.908,3.117,11271947.1
2025-03-08,3.116,3.164,3.034,3.102,4125591.24
2025-03-09,3.103,3.123,2.739,2.787,8323817.91
2025-03-10,2.788,2.974,2.592,2.643,10827499.22
2025-03-11,2.645,2.807,2.439,2.742,13947541.48
2025-03-12,2.742,2.87,2.673,2.789,7155147.13
2025-03-13,2.788,2.84,2.664,2.748,5176732.13
2025-03-14,2.749,2.918,2.74,2.885,4890945.02
2025-03-15,2.887,2.98,2.859,2.948,2780437.89
2025-03-16,2.949,2.955,2.814,2.834,3599310.82
2025-03-17,2.835,3.082,2.832,3.022,6652011.93
2025-03-18,3.023,3.03,2.82,2.924,6539567.17
2025-03-19,2.924,3.096,2.919,3.087,5874615.07
2025-03-20,3.087,3.104,2.974,3.049,4501710.54
2025-03-21,3.049,3.075,2.87,2.918,3973327.66
2025-03-22,2.918,3.057,2.913,2.99,3371910.17
2025-03-23,2.99,3.031,2.964,3.028,1981790.16
2025-03-24,3.026,3.2,2.996,3.129,6688993.12
2025-03-25,3.129,3.158,3.089,3.131,3077416.45
2025-03-26,3.133,3.21,3.003,3.026,4660234.64
2025-03-27,3.027,3.111,2.959,3.021,3587142.35
2025-03-28,3.021,3.047,2.779,2.828,5129227.17
2025-03-29,2.828,2.853,2.699,2.745,4316150.43
2025-03-30,2.744,2.796,2.706,2.755,2948397.2
2025-03-31,2.756,2.813,2.699,2.778,4245171.01
2025-04-01,2.778,2.945,2.776,2.837,5539470.83
2025-04-02,2.836,2.906,2.648,2.702,7166989.13
2025-04-03,2.701,2.783,2.605,2.73,4888798.13
2025-04-04,2.732,3.459,2.684,2.765,31660356.88
2025-04-05,2.765,2.777,2.654,2.697,4443286.82
2025-04-06,2.698,2.709,2.325,2.376,8403939.85
2025-04-07,2.376,2.47,2.112,2.369,19424088.79
2025-04-08,2.369,2.421,2.243,2.266,6669528.77
2025-04-09,2.265,2.536,2.175,2.474,8855226.47
2025-04-10,2.473,2.481,2.303,2.348,4840904.19
2025-04-11,2.347,2.472,2.331,2.455,5121727.53
2025-04-12,2.455,2.588,2.418,2.561,5551445.98
2025-04-13,2.562,2.575,2.441,2.494,4548415.97
2025-04-14,2.494,2.6,2.486,2.531,5480317.41
2025-04-15,2.532,2.54,2.402,2.416,3761557.05
2025-04-16,2.416,2.444,2.348,2.387,4571770.07
2025-04-17,2.388,2.423,2.324,2.383,3398168.54
2025-04-18,2.383,2.492,2.366,2.454,2884881.55
2025-04-19,2.454,2.66,2.452,2.638,4407698.28
2025-04-20,2.638,2.687,2.569,2.648,5006302.12
2025-04-21,2.648,2.717,2.583,2.611,4744880.58
2025-04-22,2.612,2.725,2.483,2.714,10405925.17
2025-04-23,2.714,2.817,2.673,2.789,9323017.06
2025-04-24,2.789,2.861,2.66,2.858,6482813.71
2025-04-25,2.857,2.909,2.799,2.859,5336623.17
2025-04-26,2.859,2.928,2.808,2.861,4942726.43
2025-04-27,2.862,2.888,2.67,2.706,6267481.13
2025-04-28,2.705,2.808,2.646,2.765,5324788.31
2025-04-29,2.765,2.838,2.705,2.741,3757986.38
2025-04-30,2.741,2.809,2.669,2.768,3515836.77
2025-05-01,2.768,2.863,2.748,2.84,3872127.1
2025-05-02,2.839,2.901,2.758,2.803,3818073.62
2025-05-03,2.802,2.806,2.61,2.65,4897944.71
2025-05-04,2.648,2.683,2.605,2.631,2220603.3
2025-05-05,2.63,2.688,2.568,2.613,2954570.46
2025-05-06,2.613,2.629,2.483,2.587,4349296.79
2025-05-07,2.587,2.616,2.519,2.586,4470211.1
2025-05-08,2.586,2.955,2.581,2.931,7640211.3
2025-05-09,2.93,3.105,2.923,3.022,9898185.93
2025-05-10,3.022,3.26,2.994,3.245,8376619.18
2025-05-11,3.245,3.315,3.079,3.141,7320539.0
2025-05-12,3.142,3.3,2.991,3.139,9443523.24
2025-05-13,3.14,3.262,2.939,3.219,8780848.06
2025-05-14,3.219,3.29,3.024,3.051,7890424.7
2025-05-15,3.051,3.082,2.878,2.936,7176575.32
2025-05-16,2.937,3.023,2.849,2.878,4942044.08
2025-05-17,2.878,2.89,2.738,2.785,5914655.1
2025-05-18,2.785,2.986,2.724,2.911,6326210.46
2025-05-19,2.912,2.932,2.73,2.859,6449486.93
2025-05-20,2.86,2.925,2.762,2.864,4077957.15
2025-05-21,2.864,3.002,2.814,2.944,6521844.27
2025-05-22,2.944,3.096,2.943,3.085,6308831.19
2025-05-23,3.086,3.158,2.827,2.845,9105060.7
2025-05-24,2.845,2.888,2.803,2.823,3249223.67
2025-05-25,2.824,2.834,2.719,2.815,4577527.73
2025-05-26,2.816,2.862,2.753,2.791,4891716.01
2025-05-27,2.791,2.922,2.734,2.883,4352621.94
2025-05-28,2.884,2.909,2.757,2.862,5550690.82
2025-05-29,2.862,2.949,2.748,2.765,4184631.45
2025-05-30,2.764,2.782,2.49,2.512,13402750.82
2025-05-31,2.512,2.623,2.437,2.596,7827563.81
2025-06-01,2.597,2.598,2.507,2.57,2659743.42
2025-06-02,2.57,2.649,2.509,2.643,3307769.14
2025-06-03,2.643,2.687,2.4,2.627,4088445.62
2025-06-04,2.627,2.673,2.542,2.562,2597918.32
2025-06-05,2.562,2.602,2.319,2.367,8055883.94
2025-06-06,2.367,2.466,2.361,2.409,4744168.92
2025-06-07,2.41,2.526,2.399,2.507,2647937.36
2025-06-08,2.508,2.544,2.47,2.487,4337835.66
2025-06-09,2.488,2.614,2.454,2.602,3979122.47
2025-06-10,2.602,2.749,2.567,2.732,5903510.36
2025-06-11,2.731,2.77,2.664,2.692,4025014.38
2025-06-12,2.691,2.703,2.482,2.505,3814938.72
2025-06-13,2.505,2.506,2.336,2.46,10437876.37
2025-06-14,2.461,2.461,2.382,2.419,2204425.19
2025-06-15,2.42,2.447,2.366,2.421,1876563.2
2025-06-16,2.421,2.57,2.398,2.463,4738248.38
2025-06-17,2.463,2.497,2.341,2.393,4344664.23
2025-06-18,2.394,2.416,2.314,2.392,5202463.28
2025-06-19,2.392,2.418,2.317,2.346,2174935.21
2025-06-20,2.346,2.386,2.183,2.261,5177424.77
2025-06-21,2.26,2.303,2.134,2.19,5306245.38
2025-06-22,2.189,2.222,1.964,2.069,10805208.07
2025-06-23,2.069,2.271,2.049,2.255,7003129.91
2025-06-24,2.255,2.358,2.227,2.297,5893962.34
2025-06-25,2.298,2.315,2.231,2.253,4001940.98
2025-06-26,2.253,2.303,2.176,2.197,3419654.18
2025-06-27,2.197,2.224,2.14,2.212,4508418.5
2025-06-28,2.212,2.283,2.182,2.269,2701918.26
2025-06-29,2.269,2.42,2.247,2.387,3960108.63
2025-06-30,2.388,2.398,2.274,2.302,4394009.53
2025-07-01,2.302,2.319,2.18,2.202,4279636.33
2025-07-02,2.202,2.436,2.181,2.37,7578213.22
2025-07-03,2.37,2.445,2.358,2.397,5879163.15
2025-07-04,2.397,2.408,2.229,2.262,4485103.73
2025-07-05,2.262,2.28,2.211,2.253,3020093.26
2025-07-06,2.253,2.329,2.231,2.291,2545697.65
2025-07-07,2.292,2.32,2.248,2.28,3614540.0
2025-07-08,2.28,2.332,2.239,2.312,3436022.27
2025-07-09,2.313,2.471,2.284,2.439,5595385.36
2025-07-10,2.439,2.607,2.421,2.589,7739678.96
2025-07-11,2.589,2.679,2.511,2.562,10737196.22
2025-07-12,2.563,2.603,2.461,2.535,6143876.85
2025-07-13,2.535,2.628,2.518,2.559,4501541.55
2025-07-14,2.56,2.69,2.523,2.575,8175147.83
2025-07-15,2.574,2.651,2.461,2.646,7977413.69
2025-07-16,2.646,2.739,2.59,2.651,9663657.14
2025-07-17,2.652,2.746,2.592,2.708,8476103.53
2025-07-18,2.709,2.911,2.687,2.753,17245765.72
2025-07-19,2.753,2.837,2.666,2.802,5892135.21
2025-07-20,2.802,3.025,2.772,2.887,14767463.51
2025-07-21,2.888,2.986,2.823,2.918,9777524.18
2025-07-22,2.919,2.943,2.756,2.932,13630838.01
2025-07-23,2.933,2.941,2.553,2.641,11951899.4
2025-07-24,2.642,2.685,2.474,2.583,9705750.66
2025-07-25,2.584,2.651,2.501,2.65,8251768.29
2025-07-26,2.65,2.702,2.623,2.664,3606776.92
2025-07-27,2.664,2.764,2.656,2.758,4134289.22
2025-07-28,2.759,2.81,2.578,2.607,6384184.57
2025-07-29,2.608,2.672,2.515,2.57,5852635.94
2025-07-30,2.571,2.587,2.361,2.492,9305473.78
2025-07-31,2.492,2.549,2.384,2.392,6711364.99
2025-08-01,2.391,2.398,2.218,2.296,12907211.86
2025-08-02,2.296,2.335,2.224,2.272,6038623.09
2025-08-03,2.273,2.355,2.236,2.344,2829914.81
2025-08-04,2.343,2.439,2.34,2.425,3362479.59
2025-08-05,2.427,2.432,2.282,2.333,3886994.71
2025-08-06,2.333,2.395,2.28,2.378,3516879.4
2025-08-07,2.378,2.49,2.369,2.489,6481705.51
2025-08-08,2.489,2.557,2.438,2.545,7565625.37
2025-08-09,2.546,2.664,2.538,2.631,6203423.74
2025-08-10,2.631,2.661,2.538,2.622,6076432.41
2025-08-11,2.623,2.683,2.449,2.47,8818332.58
2025-08-12,2.469,2.662,2.446,2.631,7340805.84
2025-08-13,2.63,2.761,2.601,2.733,9842984.09
2025-08-14,2.733,2.758,2.452,2.505,12066415.52
2025-08-15,2.505,2.555,2.403,2.466,6648161.14
2025-08-16,2.464,2.539,2.461,2.532,3299738.22
2025-08-17,2.532,2.63,2.513,2.559,4144822.1
2025-08-18,2.557,2.562,2.419,2.468,5656148.65
2025-08-19,2.469,2.499,2.35,2.359,5905980.22
2025-08-20,2.359,2.451,2.315,2.435,5593001.44
2025-08-21,2.435,2.463,2.373,2.392,3153096.47
2025-08-22,2.393,2.613,2.304,2.577,13158698.28
2025-08-23,2.578,2.584,2.485,2.525,6574181.26
2025-08-24,2.526,2.548,2.387,2.425,14858048.34
2025-08-25,2.425,2.446,2.136,2.185,18200205.74
2025-08-26,2.185,2.358,2.172,2.324,7372294.56
2025-08-27,2.324,2.352,2.288,2.308,5943786.67
2025-08-28,2.308,2.402,2.287,2.383,5997612.47
2025-08-29,2.383,2.399,2.228,2.27,8201923.0
2025-08-30,2.27,2.306,2.231,2.291,3574730.03
2025-08-31,2.29,2.342,2.266,2.27,3432447.58
2025-09-01,2.27,2.517,2.218,2.287,26695278.83
2025-09-02,2.287,2.304,2.217,2.27,8063698.66
2025-09-03,2.271,2.359,2.255,2.329,5309605.51
2025-09-04,2.33,2.335,2.232,2.264,5320253.07
2025-09-05,2.263,2.382,2.263,2.345,8096925.83
2025-09-06,2.345,2.355,2.301,2.327,3144176.03
2025-09-07,2.326,2.433,2.324,2.394,6611016.74
2025-09-08,2.394,2.467,2.38,2.439,7396636.84
2025-09-09,2.439,2.504,2.409,2.451,7270694.01
2025-09-10,2.452,2.51,2.433,2.492,6087287.66
2025-09-11,2.491,2.542,2.464,2.536,5429239.81
2025-09-12,2.536,2.574,2.471,2.561,4996923.5
2025-09-13,2.561,2.65,2.544,2.62,7000404.82
2025-09-14,2.62,2.624,2.474,2.515,6097523.67
2025-09-15,2.515,2.555,2.37,2.412,7928258.78
2025-09-16,2.412,2.66,2.373,2.556,9770703.59
2025-09-17,2.556,2.588,2.457,2.569,8587139.83
2025-09-18,2.57,2.589,2.529,2.577,5926238.88
2025-09-19,2.578,2.613,2.426,2.447,6744952.28
2025-09-20,2.447,2.479,2.428,2.444,3512902.34
2025-09-21,2.444,2.475,2.392,2.396,3434514.17
2025-09-22,2.396,2.41,2.168,2.26,11934364.71
2025-09-23,2.259,2.287,2.213,2.238,4306239.82
2025-09-24,2.237,2.296,2.194,2.227,5642578.18
2025-09-25,2.227,2.239,2.085,2.12,9186386.76
2025-09-26,2.12,2.202,2.096,2.196,5215648.99
2025-09-27,2.196,2.211,2.165,2.19,2383910.16
2025-09-28,2.19,2.221,2.124,2.215,4067291.56
2025-09-29,2.215,2.233,2.146,2.21,3350003.97
2025-09-30,2.21,2.212,2.13,2.188,4128659.67
2025-10-01,2.188,2.302,2.164,2.296,6347497.13
2025-10-02,2.297,2.399,2.29,2.385,6236741.27
2025-10-03,2.385,2.432,2.314,2.391,7828573.99
2025-10-04,2.39,2.405,2.269,2.315,4617234.51
2025-10-05,2.315,2.417,2.296,2.331,6344094.74
2025-10-06,2.331,2.431,2.31,2.407,6030189.0
2025-10-07,2.406,2.415,2.271,2.28,9316952.78
2025-10-08,2.28,2.418,2.248,2.365,7294668.69
2025-10-09,2.365,2.368,2.22,2.298,7013235.22
2025-10-10,2.297,2.596,0.32,1.685,72607156.78
2025-10-11,1.685,1.754,1.494,1.563,59380619.43
2025-10-12,1.564,1.696,1.494,1.659,20116113.14
2025-10-13,1.659,1.74,1.595,1.73,25334615.66
2025-10-14,1.731,1.739,1.556,1.675,19811559.09
2025-10-15,1.674,1.713,1.577,1.604,12404169.91
2025-10-16,1.603,1.617,1.462,1.493,14382516.98
2025-10-17,1.493,1.516,1.376,1.465,14855859.68
2025-10-18,1.465,1.511,1.462,1.495,5637777.22
2025-10-19,1.495,1.556,1.47,1.532,6971579.82
2025-10-20,1.533,1.629,1.501,1.58,8560087.59
2025-10-21,1.58,1.653,1.517,1.561,13478631.49
2025-10-22,1.561,1.576,1.46,1.519,9340536.25
2025-10-23,1.519,1.579,1.517,1.556,6683945.2
2025-10-24,1.557,1.597,1.532,1.569,6749595.18
2025-10-25,1.569,1.579,1.541,1.56,4054360.29
2025-10-26,1.561,1.674,1.544,1.653,6568545.16
2025-10-27,1.652,1.686,1.602,1.64,10991196.5
2025-10-28,1.64,1.652,1.532,1.558,11395504.46
2025-10-29,1.557,1.644,1.54,1.584,13070562.77
2025-10-30,1.584,1.61,1.397,1.463,14680297.95
2025-10-31,1.464,1.529,1.456,1.515,9420085.64
2025-11-01,1.516,1.716,1.507,1.672,23850192.05
2025-11-02,1.672,1.796,1.611,1.666,22392721.57
2025-11-03,1.667,1.668,1.404,1.443,22831820.81
2025-11-04,1.443,1.558,1.27,1.367,33629108.7
2025-11-05,1.368,1.417,1.297,1.397,15809437.02
2025-11-06,1.396,1.95,1.324,1.893,67978526.71
2025-11-07,1.894,3.973,1.866,3.392,172174416.28
2025-11-08,3.392,3.665,2.728,2.958,124528659.93
2025-11-09,2.957,2.998,2.494,2.782,67508910.99
2025-11-10,2.782,2.926,2.464,2.555,39124655.94
2025-11-11,2.555,2.68,2.197,2.228,41927444.57
2025-11-12,2.229,2.362,2.082,2.197,27639468.61
2025-11-13,2.197,2.236,1.994,2.068,18338612.61
2025-11-14,2.068,2.172,1.931,1.997,27973429.87
2025-11-15,1.998,2.2,1.975,2.035,26105461.58
2025-11-16,2.035,2.137,1.846,1.96,22318159.44
2025-11-17,1.959,2.172,1.919,2.02,35917642.03
2025-11-18,2.021,2.21,1.897,1.986,43123884.42
2025-11-19,1.987,2.025,1.76,1.88,23980282.84
2025-11-20,1.88,1.904,1.754,1.82,15740982.21
2025-11-21,1.82,1.867,1.541,1.66,27099040.89
2025-11-22,1.66,1.669,1.569,1.615,9260175.4
2025-11-23,1.615,1.685,1.602,1.611,7839433.95
2025-11-24,1.611,1.681,1.588,1.642,11572577.65
2025-11-25,1.642,1.74,1.567,1.672,14582601.74
2025-11-26,1.672,1.702,1.599,1.676,8900774.98
2025-11-27,1.675,1.701,1.612,1.618,7146057.57
2025-11-28,1.618,1.676,1.585,1.618,7944094.16
2025-11-29,1.618,1.639,1.574,1.605,4965984.9
2025-11-30,1.604,1.642,1.558,1.571,6177321.9
2025-12-01,1.571,1.575,1.429,1.481,14566539.79
2025-12-02,1.481,1.578,1.454,1.531,9330204.57
2025-12-03,1.531,1.622,1.524,1.596,9779324.55
2025-12-04,1.597,1.615,1.514,1.545,6439724.34
2025-12-05,1.545,1.577,1.44,1.487,7900931.13
2025-12-06,1.486,1.5,1.468,1.492,3245792.2
2025-12-07,1.492,1.508,1.418,1.455,6714179.19
2025-12-08,1.455,1.529,1.448,1.504,5695703.55
2025-12-09,1.503,1.595,1.465,1.545,8805478.29
2025-12-10,1.544,1.554,1.459,1.468,9368422.33
2025-12-11,1.467,1.47,1.351,1.379,15342717.49
2025-12-12,1.379,1.414,1.301,1.345,11148578.29
2025-12-13,1.346,1.353,1.329,1.35,4431285.57
2025-12-14,1.35,1.359,1.296,1.315,6468336.85
2025-12-15,1.316,1.349,1.224,1.264,11706207.61
2025-12-16,1.265,1.293,1.238,1.289,9303542.0
2025-12-17,1.289,1.322,1.207,1.225,14516654.09
2025-12-18,1.225,1.267,1.161,1.188,13998950.16
2025-12-19,1.188,1.359,1.179,1.308,10578155.63
2025-12-20,1.308,1.389,1.294,1.374,6830489.34
2025-12-21,1.374,1.38,1.258,1.278,7198390.78
2025-12-22,1.279,1.332,1.271,1.299,9769037.78
2025-12-23,1.298,1.353,1.27,1.31,7983720.39
2025-12-24,1.31,1.318,1.264,1.271,7126064.54
2025-12-25,1.271,1.298,1.2,1.215,8442166.35
2025-12-26,1.214,1.26,1.207,1.227,11115365.67
2025-12-27,1.227,1.332,1.223,1.316,13933452.86
2025-12-28,1.317,1.379,1.299,1.335,14163303.82
2025-12-29,1.335,1.377,1.312,1.318,14087624.67
2025-12-30,1.318,1.342,1.287,1.322,7708187.95
2025-12-31,1.323,1.353,1.259,1.298,7907167.08
2026-01-01,1.298,1.554,1.278,1.483,24371122.89
2026-01-02,1.484,1.506,1.418,1.504,14786622.61
2026-01-03,1.504,1.577,1.455,1.494,12248123.89
2026-01-04,1.494,1.525,1.466,1.494,10504276.12
2026-01-05,1.494,1.689,1.461,1.569,25397935.35
2026-01-06,1.57,1.612,1.52,1.593,15344350.83
2026-01-07,1.592,1.606,1.496,1.519,14036055.27
2026-01-08,1.519,1.529,1.452,1.497,9169912.36
2026-01-09,1.497,1.534,1.475,1.488,9499423.2
2026-01-10,1.488,1.51,1.461,1.482,5833118.97
2026-01-11,1.481,1.515,1.43,1.457,6484878.66
2026-01-12,1.458,1.509,1.435,1.461,8314212.39
2026-01-13,1.461,1.598,1.457,1.576,15903885.4
2026-01-14,1.576,1.648,1.554,1.592,20266800.62
2026-01-15,1.591,1.685,1.461,1.504,22002850.75
2026-01-16,1.504,1.569,1.476,1.52,10728755.73
2026-01-17,1.521,1.596,1.5,1.551,9451036.04
2026-01-18,1.551,1.573,1.447,1.45,10204932.26
2026-01-19,1.45,1.45,1.256,1.384,22072064.19
2026-01-20,1.384,1.388,1.289,1.312,13895006.69
2026-01-21,1.311,1.377,1.299,1.348,10767145.22
2026-01-22,1.349,1.361,1.305,1.319,5967908.37
2026-01-23,1.318,1.369,1.295,1.313,11841256.3
2026-01-24,1.313,1.324,1.297,1.315,4456277.01
2026-01-25,1.315,1.33,1.212,1.251,12597195.16
2026-01-26,1.251,1.291,1.246,1.269,7744192.39
2026-01-27,1.269,1.294,1.245,1.272,8573763.1
2026-01-28,1.272,1.291,1.255,1.28,7262760.83
2026-01-29,1.28,1.284,1.158,1.194,16788094.91
2026-01-30,1.194,1.2,1.131,1.176,16935652.31
2026-01-31,1.176,1.178,0.945,1.052,34721575.27
2026-02-01,1.051,1.077,1.012,1.035,15762579.43
2026-02-02,1.036,1.094,1.004,1.083,17110549.82
2026-02-03,1.083,1.113,1.017,1.068,14538434.33
2026-02-04,1.067,1.101,1.028,1.05,14062448.15
2026-02-05,1.05,1.063,0.873,0.883,41122536.72
2026-02-06,0.883,0.989,0.775,0.977,44805098.65
2026-02-07,0.977,1.0,0.944,0.976,21856451.86
2026-02-08,0.976,0.982,0.92,0.934,9565135.68
2026-02-09,0.934,0.948,0.893,0.938,12061474.4
2026-02-10,0.939,0.944,0.879,0.902,9808091.37
2026-02-11,0.901,0.905,0.853,0.879,14519570.98
2026-02-12,0.879,0.933,0.879,0.914,10275522.54
2026-02-13,0.913,0.969,0.886,0.958,11674844.09
2026-02-14,0.959,1.032,0.948,1.015,12290354.25
2026-02-15,1.016,1.029,0.945,0.963,13930732.52
2026-02-16,0.963,0.992,0.948,0.978,7487921.83
2026-02-17,0.979,0.982,0.939,0.96,5598863.76
2026-02-18,0.96,0.972,0.917,0.927,6151252.96
2026-02-19,0.928,0.941,0.894,0.915,6928627.03
2026-02-20,0.916,0.964,0.899,0.958,9900284.14
2026-02-21,0.957,1.021,0.948,0.97,8665989.04
2026-02-22,0.97,0.97,0.918,0.93,6151617.21
2026-02-23,0.93,0.931,0.874,0.891,12166782.11
2026-02-24,0.891,0.902,0.863,0.88,9610894.08
2026-02-25,0.88,1.108,0.878,1.062,37485114.33
2026-02-26,1.063,1.065,0.978,1.026,18976824.86
2026-02-27,1.026,1.045,0.97,0.994,10892960.53
2026-02-28,0.994,1.013,0.922,1.005,14326845.38
2026-03-01,1.005,1.033,0.942,0.964,12821592.93
2026-03-02,0.965,1.029,0.963,0.987,13175544.12
2026-03-03,0.988,1.013,0.971,1.0,9311137.17
2026-03-04,1.001,1.037,0.992,1.025,12223345.93
2026-03-05,1.025,1.043,0.994,1.011,8744172.47
2026-03-06,1.011,1.023,0.964,0.978,7957177.63
2026-03-07,0.978,0.984,0.945,0.952,3713297.91
2026-03-08,0.952,0.957,0.92,0.934,6134005.47
2026-03-09,0.934,0.98,0.931,0.939,10206684.05
2026-03-10,0.939,0.956,0.853,0.866,22034219.94
2026-03-11,0.866,0.914,0.847,0.878,20260219.78
2026-03-12,0.878,0.881,0.85,0.877,12897177.26
2026-03-13,0.878,0.906,0.861,0.869,14133515.79
2026-03-14,0.868,0.914,0.861,0.883,9406079.43
2026-03-15,0.882,0.903,0.868,0.895,6672251.55
2026-03-16,0.895,1.015,0.888,0.99,23636257.01
2026-03-17,0.99,0.993,0.953,0.969,10741632.39
2026-03-18,0.969,0.987,0.903,0.925,9961710.96
2026-03-19,0.925,0.938,0.877,0.895,7294144.35
2026-03-20,0.895,0.916,0.891,0.902,6287839.56
2026-03-21,0.901,0.976,0.87,0.882,15466472.19
2026-03-22,0.881,0.892,0.839,0.848,11236568.43
2026-03-23,0.849,0.943,0.838,0.923,19139571.41
2026-03-24,0.923,0.949,0.902,0.923,13438011.03
2026-03-25,0.924,0.939,0.911,0.928,7022448.52
2026-03-26,0.928,0.932,0.862,0.869,9408166.65
2026-03-27,0.869,0.88,0.831,0.839,10127815.7
2026-03-28,0.839,0.842,0.793,0.801,9155947.94
2026-03-29,0.8,0.818,0.775,0.802,7153604.25
2026-03-30,0.801,0.863,0.8,0.816,8571077.45
2026-03-31,0.816,0.844,0.812,0.832,6325645.62
2026-04-01,0.832,0.858,0.822,0.837,5515004.54
2026-04-02,0.838,0.845,0.799,0.817,7115042.4
2026-04-03,0.817,0.855,0.817,0.835,6461293.2
2026-04-04,0.835,0.855,0.833,0.839,3367919.92
2026-04-05,0.839,0.855,0.812,0.845,5477063.88
2026-04-06,0.845,0.908,0.841,0.858,11728696.77
2026-04-07,0.858,0.929,0.842,0.916,8795395.36
2026-04-08,0.916,0.923,0.881,0.884,7256205.88
2026-04-09,0.884,0.926,0.872,0.905,5388345.43
2026-04-10,0.904,0.918,0.894,0.915,5570794.94
2026-04-11,0.915,0.924,0.887,0.9,5640774.81
2026-04-12,0.9,0.9,0.853,0.858,6341864.46
2026-04-13,0.858,0.928,0.856,0.919,7680726.01
2026-04-14,0.919,0.92,0.877,0.884,7798940.89
2026-04-15,0.884,0.923,0.884,0.917,6523236.58
2026-04-16,0.918,1.021,0.909,0.998,18882426.06
2026-04-17,0.998,1.014,0.971,0.983,13967941.01
2026-04-18,0.982,0.995,0.939,0.942,8128705.96
2026-04-19,0.942,0.944,0.899,0.907,8152822.04
2026-04-20,0.908,0.936,0.906,0.923,5387114.37
2026-04-21,0.923,0.938,0.907,0.927,4763246.12
2026-04-22,0.927,0.963,0.924,0.927,5411654.69
2026-04-23,0.928,0.936,0.904,0.93,4816056.14
2026-04-24,0.93,0.954,0.921,0.941,4200721.05
2026-04-25,0.941,0.957,0.929,0.938,4202697.24
2026-04-26,0.937,0.957,0.932,0.943,3579619.93
2026-04-27,0.943,0.958,0.899,0.923,5444028.14
2026-04-28,0.922,0.932,0.907,0.919,3613619.48
2026-04-29,0.918,0.991,0.872,0.916,12634945.31
2026-04-30,0.916,0.938,0.909,0.922,4714979.67
2026-05-01,0.922,0.939,0.913,0.919,3804362.42
2026-05-02,0.919,0.941,0.913,0.932,3335257.25
2026-05-03,0.933,0.937,0.915,0.924,2874600.06
2026-05-04,0.923,0.975,0.914,0.935,9058988.07
2026-05-05,0.935,0.999,0.932,0.974,6995807.28
2026-05-06,0.974,1.161,0.972,1.115,77712447.87
2026-05-07,1.115,1.126,1.047,1.098,27766602.05
2026-05-08,1.099,1.324,1.072,1.287,46941982.81
2026-05-09,1.286,1.32,1.192,1.2,21030615.62
2026-05-10,1.2,1.208,1.106,1.147,14258622.63
2026-05-11,1.148,1.16,1.12,1.128,9050709.59
2026-05-12,1.127,1.132,1.069,1.092,9088919.3
2026-05-13,1.092,1.115,1.03,1.047,8057234.81
2026-05-14,1.047,1.068,1.026,1.054,7718952.38
2026-05-15,1.054,1.067,0.979,1.011,9724026.97
2026-05-16,1.01,1.023,0.948,0.972,7371308.9
2026-05-17,0.972,0.982,0.908,0.942,5207686.61
2026-05-18,0.942,0.963,0.926,0.96,7654630.55
2026-05-19,0.961,0.969,0.932,0.938,4934313.3
2026-05-20,0.938,0.975,0.934,0.971,5402289.16
2026-05-21,0.971,1.022,0.967,1.008,8900815.11
2026-05-22,1.008,1.039,0.953,0.962,10352374.29
2026-05-23,0.962,1.013,0.911,0.983,11421096.93
2026-05-24,0.982,0.984,0.932,0.956,4504797.25
2026-05-25,0.957,1.007,0.951,0.983,6189447.18
2026-05-26,0.983,1.052,0.967,1.009,13119489.34
2026-05-27,1.009,1.1,0.975,1.031,32945287.78
2026-05-28,1.03,1.06,0.929,0.96,21267104.05
2026-05-29,0.959,0.992,0.925,0.957,13521379.55
2026-05-30,0.957,1.018,0.956,0.973,12166714.85
2026-05-31,0.974,0.985,0.909,0.937,10001357.12
2026-06-01,0.937,0.974,0.894,0.956,11515109.44
2026-06-02,0.956,0.959,0.842,0.862,17759814.62
2026-06-03,0.863,1.0,0.85,0.927,26342850.0
2026-06-04,0.926,0.938,0.828,0.866,22743707.3
2026-06-05,0.866,0.876,0.7,0.735,35130371.71
2026-06-06,0.735,0.749,0.67,0.731,12771107.19
2026-06-07,0.731,0.801,0.727,0.773,9596810.73
2026-06-08,0.774,0.793,0.754,0.775,7732699.29
2026-06-09,0.776,0.783,0.74,0.763,9363139.55
2026-06-10,0.763,0.77,0.721,0.734,10563515.61
2026-06-11,0.735,0.775,0.735,0.758,9291141.29
2026-06-12,0.758,0.765,0.74,0.749,9343884.52
2026-06-13,0.75,0.799,0.748,0.784,9406469.37
2026-06-14,0.785,0.798,0.753,0.794,9826583.17
2026-06-15,0.794,0.825,0.784,0.796,10902466.73
2026-06-16,0.796,0.821,0.774,0.808,7523120.46
2026-06-17,0.809,0.833,0.777,0.798,12712811.76
2026-06-18,0.799,0.809,0.755,0.799,7804633.66
2026-06-19,0.8,0.808,0.762,0.792,5867490.84
2026-06-20,0.792,0.798,0.774,0.787,3413994.34
2026-06-21,0.788,0.826,0.78,0.782,6620676.47
2026-06-22,0.782,0.82,0.78,0.789,5103544.07
2026-06-23,0.788,0.806,0.738,0.789,8556363.9
2026-06-24,0.788,0.795,0.698,0.749,10171058.96
2026-06-25,0.75,0.774,0.687,0.737,10123366.21
2026-06-26,0.737,0.758,0.701,0.744,10320837.37
2026-06-27,0.744,0.755,0.725,0.728,5317156.41
2026-06-28,0.728,0.74,0.702,0.717,5377593.77
2026-06-29,0.716,0.748,0.706,0.733,9287226.4
2026-06-30,0.732,0.743,0.705,0.717,6392652.8
2026-07-01,0.718,0.756,0.702,0.736,6685812.81
2026-07-02,0.737,0.789,0.732,0.773,7849138.53
2026-07-03,0.774,0.815,0.772,0.806,6154270.31
2026-07-04,0.807,0.818,0.79,0.797,3786929.25
2026-07-05,0.797,0.808,0.775,0.8,4648856.63
2026-07-06,0.801,0.814,0.759,0.794,6121612.14
2026-07-07,0.795,0.802,0.77,0.773,3962549.04
2026-07-08,0.774,0.783,0.744,0.765,7296409.38
2026-07-09,0.765,0.8,0.761,0.781,4920240.08
2026-07-10,0.781,0.819,0.775,0.788,6757830.63
2026-07-11,0.787,0.799,0.769,0.771,2648887.02
2026-07-12,0.771,0.791,0.766,0.772,5710971.06
2026-07-13,0.772,0.786,0.734,0.749,5994705.13
2026-07-14,0.75,0.788,0.749,0.785,5306409.24
2026-07-15,0.785,0.807,0.778,0.789,6119928.1
2026-07-16,0.789,0.791,0.764,0.77,3762861.5
2026-07-17,0.77,0.779,0.752,0.765,8458736.26
2026-07-18,0.765,0.768,0.738,0.749,3340533.13
2026-07-19,0.75,0.755,0.71,0.72,5702851.87
2026-07-20,0.72,0.743,0.701,0.735,8492432.74
2026-07-21,0.735,0.784,0.731,0.769,8433868.46
2026-07-22,0.769,0.781,0.7573,0.7624,5520273.65
2026-07-23,0.7623,0.7653,0.7227,0.7282,6622550.25
2026-07-24,0.7282,0.739,0.7107,0.7196,5237534.73
2026-07-25,0.7197,0.7416,0.7148,0.7363,3301652.54
2026-07-26,0.7363,0.7537,0.7323,0.7451,6164815.88
2026-07-27,0.7451,0.7564,0.6882,0.6946,12261003.43
2026-07-28,0.6947,0.7081,0.6846,0.7066,6231521.08
2026-07-29,0.7066,0.7119,0.6538,0.6787,14133158.94
2026-07-30,0.6788,0.7298,0.6754,0.7133,9528271.0
2026-07-31,0.7134,0.7274,0.7064,0.7154,7454171.04
2026-08-01,0.7155,0.7289,0.6904,0.7009,7193948.18
2026-08-02,0.701,0.7259,0.7003,0.719,6034367.78
2026-08-03,0.7188,0.7345,0.7052,0.7242,8390137.72
2026-08-04,0.7241,0.7288,0.7068,0.719,3812410.73
2026-08-05,0.7189,0.7312,0.7045,0.7203,6089776.14
2026-08-06,0.7203,0.7389,0.6791,0.7041,13965230.54
2026-08-07,0.704,0.7062,0.6694,0.6839,6220714.96
2026-08-08,0.6838,0.7269,0.6821,0.7103,5324484.28
2026-08-09,0.7104,0.717,0.6979,0.7007,2922820.91
2026-08-10,0.7006,0.7092,0.6909,0.7029,4667195.05
2026-08-11,0.7028,0.7179,0.6876,0.7114,4863643.27
2026-08-12,0.7114,0.7132,0.658,0.6699,7977276.83
2026-08-13,0.6698,0.6825,0.6643,0.6774,4820332.21
2026-08-14,0.6775,0.6818,0.662,0.6809,3865122.6
2026-08-15,0.681,0.7005,0.6735,0.6762,5347322.2
2026-08-16,0.6761,0.6854,0.6583,0.667,3311247.36
2026-08-17,0.667,0.6772,0.6595,0.6725,7098669.32
2026-08-18,0.6725,0.6731,0.6095,0.632,13483926.05
2026-08-19,0.6322,0.6998,0.6251,0.6741,9906840.16
2026-08-20,0.674,0.7718,0.6633,0.7355,21763087.39
2026-08-21,0.7357,0.82,0.7345,0.8096,14136465.76
2026-08-22,0.8097,0.8595,0.7179,0.7617,21683253.65
2026-08-23,0.7616,0.7841,0.731,0.7739,8024420.48
2026-08-24,0.7739,0.7739,0.7424,0.7539,6858252.14
2026-08-25,0.7539,0.7717,0.6976,0.712,11084070.5
2026-08-26,0.7121,0.7249,0.6868,0.7161,6739695.39
2026-08-27,0.7161,0.7198,0.7028,0.7158,2037860.95
