order_id,signal_time,fill_time,symbol,side,qty,fill_price,commission,slip,slip_dir,costs,strategy_id,exit_reason,is_maker
qt_847aa467478e35161c55171d,2024-10-03,2024-10-04,BTC-USDT,short,0.2734841338149588,11235.683002583442,1.536390516890494,5.620651827204711,negative,"{'commission': np.float64(1.536390516890494), 'slippage': np.float64(1.5371590964385458), 'impact': np.float64(0.0), 'funding': None, 'borrow': None, 'funding_status': 'not_modeled', 'borrow_status': 'not_modeled', 'modeled_total': np.float64(3.07354961332904)}",RangeMeanReversion,signal,False
qt_73d1b494cbccf1c748ff8502,2024-10-03,2024-10-04,SOL-USDT,short,1.2043470657561612,2521.5111468524196,1.5183872754915824,1.2613862665593842,negative,"{'commission': np.float64(1.5183872754915824), 'slippage': np.float64(1.5191468489159135), 'impact': np.float64(0.0), 'funding': None, 'borrow': None, 'funding_status': 'not_modeled', 'borrow_status': 'not_modeled', 'modeled_total': np.float64(3.037534124407496)}",RangeMeanReversion,signal,False
qt_4171abe29a9317b0c5fc3e1a,2024-10-04,2024-10-05,BTC-USDT,cover,0.2734841338149588,11253.691880764587,1.5388530881156688,5.62403392341912,positive,"{'commission': np.float64(1.5388530881156688), 'slippage': np.float64(1.5380840460922223), 'impact': np.float64(0.0), 'funding': None, 'borrow': None, 'funding_status': 'not_modeled', 'borrow_status': 'not_modeled', 'modeled_total': np.float64(3.076937134207891)}",RangeMeanReversion,hard_stop,False
qt_f8a2ff29e57f6f3fde507a40,2024-10-04,2024-10-05,ETH-USDT,short,1.1937978636380688,2517.1305337444323,1.5024725268411276,1.2591948643043906,negative,"{'commission': np.float64(1.5024725268411276), 'slippage': np.float64(1.5032241389106096), 'impact': np.float64(0.0), 'funding': None, 'borrow': None, 'funding_status': 'not_modeled', 'borrow_status': 'not_modeled', 'modeled_total': np.float64(3.005696665751737)}",RangeMeanReversion,signal,False
qt_21c99726bbc9d0808918a60a,2024-10-05,2024-10-06,BTC-USDT,short,0.2655241587487659,11240.931395248972,1.4923694261380371,5.623277336291721,negative,"{'commission': np.float64(1.4923694261380371), 'slippage': np.float64(1.4931159841298605), 'impact': np.float64(0.0), 'funding': None, 'borrow': None, 'funding_status': 'not_modeled', 'borrow_status': 'not_modeled', 'modeled_total': np.float64(2.9854854102678976)}",RangeMeanReversion,signal,False
qt_2192337d4a82a9e6aef550b3,2024-10-06,2024-10-07,ETH-USDT,cover,1.1937978636380688,2538.328016503999,1.5151252816575655,1.268529743379986,positive,"{'commission': np.float64(1.5151252816575655), 'slippage': np.float64(1.514368097608375), 'impact': np.float64(0.0), 'funding': None, 'borrow': None, 'funding_status': 'not_modeled', 'borrow_status': 'not_modeled', 'modeled_total': np.float64(3.029493379265941)}",RangeMeanReversion,hard_stop,False
qt_42c76ad7965dce0eb3e6cb81,2024-10-06,2024-10-07,SOL-USDT,cover,1.2043470657561612,2536.330139846637,1.5273108808566056,1.2675313042709604,positive,"{'commission': np.float64(1.5273108808566056), 'slippage': np.float64(1.5265476070528112), 'impact': np.float64(0.0), 'funding': None, 'borrow': None, 'funding_status': 'not_modeled', 'borrow_status': 'not_modeled', 'modeled_total': np.float64(3.053858487909417)}",RangeMeanReversion,hard_stop,False
qt_5175ef7723a337844485eedb,2024-10-07,2024-10-08,BTC-USDT,cover,0.2655241587487659,11259.801082451982,1.4948746050482533,5.6270869977270195,positive,"{'commission': np.float64(1.4948746050482533), 'slippage': np.float64(1.4941275412775856), 'impact': np.float64(0.0), 'funding': None, 'borrow': None, 'funding_status': 'not_modeled', 'borrow_status': 'not_modeled', 'modeled_total': np.float64(2.9890021463258387)}",RangeMeanReversion,hard_stop,False
qt_813ac5045c44e3750d130993,2024-10-07,2024-10-08,SOL-USDT,short,1.1688894073008107,2509.758486839242,1.4668150550748507,1.2555069969180295,negative,"{'commission': np.float64(1.4668150550748507), 'slippage': np.float64(1.4675488294895362), 'impact': np.float64(0.0), 'funding': None, 'borrow': None, 'funding_status': 'not_modeled', 'borrow_status': 'not_modeled', 'modeled_total': np.float64(2.934363884564387)}",RangeMeanReversion,signal,False
qt_4094ed10200250c00cfcdd21,2024-10-12,2024-10-13,ETH-USDT,short,1.1627357430934355,2559.5048611274856,1.4880138933271638,1.2803926268770738,negative,"{'commission': np.float64(1.4880138933271638), 'slippage': np.float64(1.4887582724632704), 'impact': np.float64(0.0), 'funding': None, 'borrow': None, 'funding_status': 'not_modeled', 'borrow_status': 'not_modeled', 'modeled_total': np.float64(2.9767721657904342)}",RangeMeanReversion,signal,False
qt_113fc0279930d728d1812c25,2024-10-14,2024-10-15,BTC-USDT,short,0.26102359056319313,11472.253083074638,1.4972643457969024,5.738996039555786,negative,"{'commission': np.float64(1.4972643457969024), 'slippage': np.float64(1.4980133524727965), 'impact': np.float64(0.0), 'funding': None, 'borrow': None, 'funding_status': 'not_modeled', 'borrow_status': 'not_modeled', 'modeled_total': np.float64(2.9952776982696987)}",RangeMeanReversion,signal,False
qt_c688851c38c6d6b9330c7a74,2024-10-15,2024-10-16,SOL-USDT,cover,1.1688894073008107,2454.191447319836,1.4343391931302008,1.22648248241876,positive,"{'commission': np.float64(1.4343391931302008), 'slippage': np.float64(1.4336223819392913), 'impact': np.float64(0.0), 'funding': None, 'borrow': None, 'funding_status': 'not_modeled', 'borrow_status': 'not_modeled', 'modeled_total': np.float64(2.867961575069492)}",RangeMeanReversion,Target hit (Mid Band),False
qt_76e4ddcbc623f3df72393d11,2024-10-17,2024-10-18,ETH-USDT,cover,1.1627357430934355,2600.684206620575,1.511954241768168,1.2996922571815048,positive,"{'commission': np.float64(1.511954241768168), 'slippage': np.float64(1.5111986424467216), 'impact': np.float64(0.0), 'funding': None, 'borrow': None, 'funding_status': 'not_modeled', 'borrow_status': 'not_modeled', 'modeled_total': np.float64(3.0231528842148894)}",RangeMeanReversion,hard_stop,False
qt_f2ab0604498445a434e8450b,2024-10-20,2024-10-21,SOL-USDT,short,1.1651018740525645,2586.4744771194605,1.5067531302405053,1.2938841806499113,negative,"{'commission': np.float64(1.5067531302405053), 'slippage': np.float64(1.5075068836821786), 'impact': np.float64(0.0), 'funding': None, 'borrow': None, 'funding_status': 'not_modeled', 'borrow_status': 'not_modeled', 'modeled_total': np.float64(3.0142600139226836)}",RangeMeanReversion,signal,False
qt_7d2d898d85e7b0e77a2fe5d6,2024-10-21,2024-10-22,BTC-USDT,cover,0.26102359056319313,11527.667066407557,1.5044965242453858,5.760953056675135,positive,"{'commission': np.float64(1.5044965242453858), 'slippage': np.float64(1.5037446519193463), 'impact': np.float64(0.0), 'funding': None, 'borrow': None, 'funding_status': 'not_modeled', 'borrow_status': 'not_modeled', 'modeled_total': np.float64(3.008241176164732)}",RangeMeanReversion,hard_stop,False
qt_763c30b87e32d761b7962402,2024-10-22,2024-10-23,SOL-USDT,cover,1.1651018740525645,2582.916715736565,1.5046805530131835,1.2908129513925815,positive,"{'commission': np.float64(1.5046805530131835), 'slippage': np.float64(1.5039285887188185), 'impact': np.float64(0.0), 'funding': None, 'borrow': None, 'funding_status': 'not_modeled', 'borrow_status': 'not_modeled', 'modeled_total': np.float64(3.008609141732002)}",RangeMeanReversion,hard_stop,False
qt_847750e267cfc0779911879c,2024-10-23,2024-10-24,ETH-USDT,short,1.1118807164081488,2665.412089415789,1.4818101517512843,1.3333727310732684,negative,"{'commission': np.float64(1.4818101517512843), 'slippage': np.float64(1.4825514274648355), 'impact': np.float64(0.0), 'funding': None, 'borrow': None, 'funding_status': 'not_modeled', 'borrow_status': 'not_modeled', 'modeled_total': np.float64(2.9643615792161198)}",RangeMeanReversion,signal,False
qt_bc1d143e9589d6d5f8df3c27,2024-10-23,2024-10-24,SOL-USDT,short,1.1547252901108291,2561.957719047679,1.4791786851895046,1.281619669358406,negative,"{'commission': np.float64(1.4791786851895046), 'slippage': np.float64(1.4799186445116304), 'impact': np.float64(0.0), 'funding': None, 'borrow': None, 'funding_status': 'not_modeled', 'borrow_status': 'not_modeled', 'modeled_total': np.float64(2.9590973297011347)}",RangeMeanReversion,signal,False
qt_09c7f2e0169c0d8445fe84bd,2024-10-26,2024-10-27,ETH-USDT,cover,1.1118807164081488,2707.4827216165127,1.5051989140868263,1.3530648283940536,positive,"{'commission': np.float64(1.5051989140868263), 'slippage': np.float64(1.5044466907414493), 'impact': np.float64(0.0), 'funding': None, 'borrow': None, 'funding_status': 'not_modeled', 'borrow_status': 'not_modeled', 'modeled_total': np.float64(3.0096456048282754)}",RangeMeanReversion,hard_stop,False
qt_f7a9ee3d79fa8c4aa33ad4ed,2024-10-27,2024-10-28,SOL-USDT,cover,1.1547252901108291,2695.160417428853,1.556084947455378,1.3469067553364766,positive,"{'commission': np.float64(1.556084947455378), 'slippage': np.float64(1.5553072938081485), 'impact': np.float64(0.0), 'funding': None, 'borrow': None, 'funding_status': 'not_modeled', 'borrow_status': 'not_modeled', 'modeled_total': np.float64(3.1113922412635264)}",RangeMeanReversion,hard_stop,False
qt_f3da5ca33d1f912d7ed84b3e,2024-10-28,2024-10-29,SOL-USDT,short,1.0843181143207135,2698.353887535549,1.4629369995512564,1.3498518697024338,negative,"{'commission': np.float64(1.4629369995512564), 'slippage': np.float64(1.4636688339680324), 'impact': np.float64(0.0), 'funding': None, 'borrow': None, 'funding_status': 'not_modeled', 'borrow_status': 'not_modeled', 'modeled_total': np.float64(2.9266058335192886)}",RangeMeanReversion,signal,False
qt_c61f22adc7ed1f316e1a1e44,2024-10-30,2024-10-31,SOL-USDT,cover,1.0843181143207135,2750.221111352293,1.4910572847132675,1.3744233440038442,positive,"{'commission': np.float64(1.4910572847132675), 'slippage': np.float64(1.4903121286486176), 'impact': np.float64(0.0), 'funding': None, 'borrow': None, 'funding_status': 'not_modeled', 'borrow_status': 'not_modeled', 'modeled_total': np.float64(2.981369413361885)}",RangeMeanReversion,hard_stop,False
qt_db1e9cd013489b76ef214b90,2024-11-04,2024-11-05,ETH-USDT,buy,0.6923286467377772,2925.8792466928517,1.0128350096905046,1.4622085190867438,positive,"{'commission': np.float64(1.0128350096905046), 'slippage': np.float64(1.0123288452677746), 'impact': np.float64(0.0), 'funding': None, 'borrow': None, 'funding_status': 'not_modeled', 'borrow_status': 'not_modeled', 'modeled_total': np.float64(2.0251638549582793)}",TrendBreakout,signal,False
qt_6bc773ef24bcd49c03b9bb61,2024-11-04,2024-11-05,SOL-USDT,buy,0.49629219178585726,2917.415185852947,0.7239451884681516,1.4579786036247242,positive,"{'commission': np.float64(0.7239451884681516), 'slippage': np.float64(0.723583396769798), 'impact': np.float64(0.0), 'funding': None, 'borrow': None, 'funding_status': 'not_modeled', 'borrow_status': 'not_modeled', 'modeled_total': np.float64(1.4475285852379496)}",TrendBreakout,signal,False
qt_00cf8bf7ed750f54e870b8ce,2024-11-07,2024-11-08,BTC-USDT,buy,0.23161997532553744,12700.112982885052,1.4707999278636867,6.346883049916869,positive,"{'commission': np.float64(1.4707999278636867), 'slippage': np.float64(1.4700648954158169), 'impact': np.float64(0.0), 'funding': None, 'borrow': None, 'funding_status': 'not_modeled', 'borrow_status': 'not_modeled', 'modeled_total': np.float64(2.9408648232795036)}",TrendBreakout,signal,False
qt_b1f2a1dab9f014661a2f1fb5,2024-12-28,2024-12-29,ETH-USDT,sell,0.6923286467377772,3758.8539744391915,1.3011811427042004,1.880367170804675,negative,"{'commission': np.float64(1.3011811427042004), 'slippage': np.float64(1.3018320587333434), 'impact': np.float64(0.0), 'funding': None, 'borrow': None, 'funding_status': 'not_modeled', 'borrow_status': 'not_modeled', 'modeled_total': np.float64(2.6030132014375438)}",Router,StateSwitch,False
qt_b8813a2a0a58187c17aa980b,2025-01-08,2025-01-09,ETH-USDT,buy,0.6089874799394793,4015.1326249590393,1.222582749448296,2.0065630309636617,positive,"{'commission': np.float64(1.222582749448296), 'slippage': np.float64(1.2219717635662837), 'impact': np.float64(0.0), 'funding': None, 'borrow': None, 'funding_status': 'not_modeled', 'borrow_status': 'not_modeled', 'modeled_total': np.float64(2.4445545130145794)}",TrendBreakout,signal,False
qt_7689948b29153c29ab9b3e3d,2025-01-17,2025-01-18,SOL-USDT,sell,0.49629219178585726,3967.711269050908,0.9845720610453601,1.9848480585546895,negative,"{'commission': np.float64(0.9845720610453601), 'slippage': np.float64(0.9850645933420104), 'impact': np.float64(0.0), 'funding': None, 'borrow': None, 'funding_status': 'not_modeled', 'borrow_status': 'not_modeled', 'modeled_total': np.float64(1.9696366543873705)}",Router,StateSwitch,False
qt_7a6499c83699aa1b13297b08,2025-01-20,2025-01-21,SOL-USDT,short,0.9264617573169445,3919.7572055240767,1.8157525744427958,1.9608590322777673,negative,"{'commission': np.float64(1.8157525744427958), 'slippage': np.float64(1.8166609048948634), 'impact': np.float64(0.0), 'funding': None, 'borrow': None, 'funding_status': 'not_modeled', 'borrow_status': 'not_modeled', 'modeled_total': np.float64(3.632413479337659)}",RangeMeanReversion,signal,False
qt_499c7c3dadd3258fd2d0f933,2025-01-22,2025-01-23,SOL-USDT,cover,0.9264617573169445,4073.575922744497,1.88700615397493,2.035770076333847,positive,"{'commission': np.float64(1.88700615397493), 'slippage': np.float64(1.8860631224135063), 'impact': np.float64(0.0), 'funding': None, 'borrow': None, 'funding_status': 'not_modeled', 'borrow_status': 'not_modeled', 'modeled_total': np.float64(3.773069276388436)}",RangeMeanReversion,hard_stop,False
qt_223458eaa38127b6b5b12d2e,2025-02-06,2025-02-07,SOL-USDT,buy,0.6856076389925392,4473.213551935146,1.5334346910258427,2.2354890314518343,positive,"{'commission': np.float64(1.5334346910258427), 'slippage': np.float64(1.5326683568474102), 'impact': np.float64(0.0), 'funding': None, 'borrow': None, 'funding_status': 'not_modeled', 'borrow_status': 'not_modeled', 'modeled_total': np.float64(3.066103047873253)}",TrendBreakout,signal,False
qt_d95af493cbe26a1c79aa3a14,2025-02-09,2025-02-10,SOL-USDT,sell,0.6856076389925392,4409.422553091368,1.5115668929727135,2.205814183636903,negative,"{'commission': np.float64(1.5115668929727135), 'slippage': np.float64(1.5123230544995525), 'impact': np.float64(0.0), 'funding': None, 'borrow': None, 'funding_status': 'not_modeled', 'borrow_status': 'not_modeled', 'modeled_total': np.float64(3.023889947472266)}",Router,StateSwitch,False
qt_74dadb466c5aa2b51660e917,2025-02-20,2025-02-21,SOL-USDT,short,0.8715601596484708,4706.362847289608,2.050939177273681,2.3543586029463768,negative,"{'commission': np.float64(2.050939177273681), 'slippage': np.float64(2.0519651598536948), 'impact': np.float64(0.0), 'funding': None, 'borrow': None, 'funding_status': 'not_modeled', 'borrow_status': 'not_modeled', 'modeled_total': np.float64(4.1029043371273755)}",RangeMeanReversion,signal,False
qt_591c4ebd5852de7c5f8957d6,2025-02-21,2025-02-22,SOL-USDT,cover,0.8715601596484708,4716.658096752811,2.055425641906566,2.357150473139882,positive,"{'commission': np.float64(2.055425641906566), 'slippage': np.float64(2.054398442685264), 'impact': np.float64(0.0), 'funding': None, 'borrow': None, 'funding_status': 'not_modeled', 'borrow_status': 'not_modeled', 'modeled_total': np.float64(4.10982408459183)}",RangeMeanReversion,hard_stop,False
qt_3405e8fc772e60d78b11c4ff,2025-02-22,2025-02-23,SOL-USDT,short,0.8552815661539684,4662.874904255443,1.9940354754458154,2.3326037540045945,negative,"{'commission': np.float64(1.9940354754458154), 'slippage': np.float64(1.9950329919416758), 'impact': np.float64(0.0), 'funding': None, 'borrow': None, 'funding_status': 'not_modeled', 'borrow_status': 'not_modeled', 'modeled_total': np.float64(3.989068467387491)}",RangeMeanReversion,signal,False
qt_be723fa038ead12339aba32b,2025-03-01,2025-03-02,SOL-USDT,cover,0.8552815661539684,4826.304999247113,2.0639248492463995,2.411946526360225,positive,"{'commission': np.float64(2.0639248492463995), 'slippage': np.float64(2.062893402544997), 'impact': np.float64(0.0), 'funding': None, 'borrow': None, 'funding_status': 'not_modeled', 'borrow_status': 'not_modeled', 'modeled_total': np.float64(4.126818251791397)}",Router,StateSwitch,False
qt_23ccfb0eb40e40d6fd3f6ee3,2025-03-15,2025-03-16,SOL-USDT,buy,0.8654518560655446,5007.871217866681,2.1670357202199693,2.502684266799406,positive,"{'commission': np.float64(2.1670357202199693), 'slippage': np.float64(2.1659527438475825), 'impact': np.float64(0.0), 'funding': None, 'borrow': None, 'funding_status': 'not_modeled', 'borrow_status': 'not_modeled', 'modeled_total': np.float64(4.332988464067552)}",TrendBreakout,signal,False
qt_ed2bce1a0de12d7d5023a5b7,2025-03-30,2025-03-31,ETH-USDT,sell,0.6089874799394793,6490.876281792328,1.9764311947238238,3.247061671731899,negative,"{'commission': np.float64(1.9764311947238238), 'slippage': np.float64(1.977419904676082), 'impact': np.float64(0.0), 'funding': None, 'borrow': None, 'funding_status': 'not_modeled', 'borrow_status': 'not_modeled', 'modeled_total': np.float64(3.953851099399906)}",Router,StateSwitch,False
qt_c539d41c6ad8eca5aca913c7,2025-04-05,2025-04-06,ETH-USDT,buy,0.6307187237326334,6955.390764551412,2.1934475930398056,3.475957403573375,positive,"{'commission': np.float64(2.1934475930398056), 'slippage': np.float64(2.192351417330797), 'impact': np.float64(0.0), 'funding': None, 'borrow': None, 'funding_status': 'not_modeled', 'borrow_status': 'not_modeled', 'modeled_total': np.float64(4.385799010370603)}",TrendBreakout,signal,False
qt_6e0df1de877ef72d480bf5b3,2025-05-02,2025-05-03,SOL-USDT,sell,0.8654518560655446,6017.3714116375,2.6038726284187104,3.0101908012193235,negative,"{'commission': np.float64(2.6038726284187104), 'slippage': np.float64(2.6051752160266926), 'impact': np.float64(0.0), 'funding': None, 'borrow': None, 'funding_status': 'not_modeled', 'borrow_status': 'not_modeled', 'modeled_total': np.float64(5.2090478444454025)}",Router,StateSwitch,False
qt_f4101f6b01d627c2f61d62cf,2025-05-04,2025-05-05,ETH-USDT,sell,0.6307187237326334,7148.5367363754485,2.2543579834612837,3.576056396385866,negative,"{'commission': np.float64(2.2543579834612837), 'slippage': np.float64(2.2554857263244132), 'impact': np.float64(0.0), 'funding': None, 'borrow': None, 'funding_status': 'not_modeled', 'borrow_status': 'not_modeled', 'modeled_total': np.float64(4.509843709785697)}",Router,StateSwitch,False
qt_e159411900047af5b8246da8,2025-05-07,2025-05-08,BTC-USDT,sell,0.23161997532553744,31703.05378838287,3.6715302681047133,15.859456622500147,negative,"{'commission': np.float64(3.6715302681047133), 'slippage': np.float64(3.6733669515799154), 'impact': np.float64(0.0), 'funding': None, 'borrow': None, 'funding_status': 'not_modeled', 'borrow_status': 'not_modeled', 'modeled_total': np.float64(7.344897219684629)}",Router,StateSwitch,False
qt_7839bf4301e1e4534957742b,2025-05-10,2025-05-11,ETH-USDT,short,0.6982181372180098,7524.096469588303,2.626730310622275,3.763930199893366,negative,"{'commission': np.float64(2.626730310622275), 'slippage': np.float64(2.6280443327881575), 'impact': np.float64(0.0), 'funding': None, 'borrow': None, 'funding_status': 'not_modeled', 'borrow_status': 'not_modeled', 'modeled_total': np.float64(5.254774643410432)}",RangeMeanReversion,signal,False
qt_869d6e06f73b4be0471bc9de,2025-05-13,2025-05-14,BTC-USDT,buy,0.12915907332394608,35013.082385400354,2.2611286375566446,17.49779229654814,positive,"{'commission': np.float64(2.2611286375566446), 'slippage': np.float64(2.25999863823704), 'impact': np.float64(0.0), 'funding': None, 'borrow': None, 'funding_status': 'not_modeled', 'borrow_status': 'not_modeled', 'modeled_total': np.float64(4.521127275793685)}",TrendBreakout,signal,False
qt_732f19de215b2366e9aa54d8,2025-05-13,2025-05-14,ETH-USDT,cover,0.6982181372180098,7468.935710243679,2.6074731893037075,3.7326015543440008,positive,"{'commission': np.float64(2.6074731893037075), 'slippage': np.float64(2.6061701042511163), 'impact': np.float64(0.0), 'funding': None, 'borrow': None, 'funding_status': 'not_modeled', 'borrow_status': 'not_modeled', 'modeled_total': np.float64(5.213643293554824)}",RangeMeanReversion,hard_stop,False
qt_d53c13c653b23c8f822b5375,2025-05-14,2025-05-15,ETH-USDT,short,0.6957034871625937,7582.995625622432,2.63775824994211,3.7933945100658093,negative,"{'commission': np.float64(2.63775824994211), 'slippage': np.float64(2.639077788836222), 'impact': np.float64(0.0), 'funding': None, 'borrow': None, 'funding_status': 'not_modeled', 'borrow_status': 'not_modeled', 'modeled_total': np.float64(5.276836038778332)}",RangeMeanReversion,signal,False
qt_f44322928f3b2b01de494856,2025-05-15,2025-05-16,ETH-USDT,cover,0.6957034871625937,7533.359613476439,2.620492276572704,3.7647974080337008,positive,"{'commission': np.float64(2.620492276572704), 'slippage': np.float64(2.6191826852297395), 'impact': np.float64(0.0), 'funding': None, 'borrow': None, 'funding_status': 'not_modeled', 'borrow_status': 'not_modeled', 'modeled_total': np.float64(5.239674961802443)}",Router,StateSwitch,False
qt_ce1ab1450d1932137c8ea0d0,2025-05-23,2025-05-24,BTC-USDT,sell,0.12915907332394608,31351.55910154645,2.0246691604083336,15.683621361451515,negative,"{'commission': np.float64(2.0246691604083336), 'slippage': np.float64(2.025682001408723), 'impact': np.float64(0.0), 'funding': None, 'borrow': None, 'funding_status': 'not_modeled', 'borrow_status': 'not_modeled', 'modeled_total': np.float64(4.050351161817057)}",Router,StateSwitch,False
qt_089e20d2f89211be1ce3433c,2025-05-25,2025-05-26,SOL-USDT,short,0.7831705956757684,6382.78847208155,2.499406124876268,3.1929907314060983,negative,"{'commission': np.float64(2.499406124876268), 'slippage': np.float64(2.5006564531025215), 'impact': np.float64(0.0), 'funding': None, 'borrow': None, 'funding_status': 'not_modeled', 'borrow_status': 'not_modeled', 'modeled_total': np.float64(5.00006257797879)}",RangeMeanReversion,signal,False
qt_de7e040ddb42959194dd3c9e,2025-05-26,2025-05-27,BTC-USDT,buy,0.16679478212966603,31323.769248819033,2.6123206336683515,15.654057595609629,positive,"{'commission': np.float64(2.6123206336683515), 'slippage': np.float64(2.611015126104952), 'impact': np.float64(0.0), 'funding': None, 'borrow': None, 'funding_status': 'not_modeled', 'borrow_status': 'not_modeled', 'modeled_total': np.float64(5.223335759773303)}",VolatilityReversion,signal,False
qt_35b8f422e7960614a1631ba2,2025-05-30,2025-05-31,SOL-USDT,cover,0.7831705956757684,5906.257076016691,2.3128034362191072,2.9516527116520592,positive,"{'commission': np.float64(2.3128034362191072), 'slippage': np.float64(2.3116476124125405), 'impact': np.float64(0.0), 'funding': None, 'borrow': None, 'funding_status': 'not_modeled', 'borrow_status': 'not_modeled', 'modeled_total': np.float64(4.624451048631648)}",RangeMeanReversion,Target hit (Mid Band),False
qt_f0e984c4caea319f419aed8d,2025-06-03,2025-06-04,BTC-USDT,sell,0.16679478212966603,30518.339655616546,2.5451499069088546,15.266803229420475,negative,"{'commission': np.float64(2.5451499069088546), 'slippage': np.float64(2.5464231184676698), 'impact': np.float64(0.0), 'funding': None, 'borrow': None, 'funding_status': 'not_modeled', 'borrow_status': 'not_modeled', 'modeled_total': np.float64(5.091573025376524)}",Router,StateSwitch,False
qt_cfc2427753f003a4b89ae6f3,2025-06-12,2025-06-13,BTC-USDT,short,0.16183038760546634,30971.32558223644,2.5060508118142093,15.493409495866217,negative,"{'commission': np.float64(2.5060508118142093), 'slippage': np.float64(2.5073044640462427), 'impact': np.float64(0.0), 'funding': None, 'borrow': None, 'funding_status': 'not_modeled', 'borrow_status': 'not_modeled', 'modeled_total': np.float64(5.013355275860452)}",RangeMeanReversion,signal,False
qt_30e4fe3de60a12ea2c98cd66,2025-06-21,2025-06-22,BTC-USDT,cover,0.16183038760546634,30560.432474656576,2.4728033163821777,15.272579947351915,positive,"{'commission': np.float64(2.4728033163821777), 'slippage': np.float64(2.471567532615433), 'impact': np.float64(0.0), 'funding': None, 'borrow': None, 'funding_status': 'not_modeled', 'borrow_status': 'not_modeled', 'modeled_total': np.float64(4.944370848997611)}",RangeMeanReversion,Target hit (Mid Band),False
qt_4c4d565a31a0eac5d654ddc7,2025-06-21,2025-06-22,SOL-USDT,short,0.8086025317981409,6550.1304603865465,2.6482260369383424,3.276703581984293,negative,"{'commission': np.float64(2.6482260369383424), 'slippage': np.float64(2.6495508123445366), 'impact': np.float64(0.0), 'funding': None, 'borrow': None, 'funding_status': 'not_modeled', 'borrow_status': 'not_modeled', 'modeled_total': np.float64(5.297776849282879)}",RangeMeanReversion,signal,False
qt_c709edd094852c165dc354ab,2025-06-22,2025-06-23,SOL-USDT,cover,0.8086025317981409,6791.914607778069,2.745979673803062,3.39426017380174,positive,"{'commission': np.float64(2.745979673803062), 'slippage': np.float64(2.7446073701176847), 'impact': np.float64(0.0), 'funding': None, 'borrow': None, 'funding_status': 'not_modeled', 'borrow_status': 'not_modeled', 'modeled_total': np.float64(5.490587043920747)}",RangeMeanReversion,hard_stop,False
qt_640017c66c11de3c4ca415e3,2025-06-23,2025-06-24,SOL-USDT,short,0.7516593507863849,6726.755784325722,2.5281144428724156,3.365060422373972,negative,"{'commission': np.float64(2.5281144428724156), 'slippage': np.float64(2.529379132438578), 'impact': np.float64(0.0), 'funding': None, 'borrow': None, 'funding_status': 'not_modeled', 'borrow_status': 'not_modeled', 'modeled_total': np.float64(5.0574935753109935)}",RangeMeanReversion,signal,False
qt_9c8b681916876007e8c8b9ae,2025-06-25,2025-06-26,SOL-USDT,cover,0.7516593507863849,6768.523131941094,2.543811851568736,3.3825702808298956,positive,"{'commission': np.float64(2.543811851568736), 'slippage': np.float64(2.542540581277919), 'impact': np.float64(0.0), 'funding': None, 'borrow': None, 'funding_status': 'not_modeled', 'borrow_status': 'not_modeled', 'modeled_total': np.float64(5.086352432846654)}",RangeMeanReversion,hard_stop,False
qt_06347d2dea700a5bbe03f136,2025-06-26,2025-06-27,SOL-USDT,short,0.7500497292113908,6669.985258843283,2.501410318619686,3.3366609599015646,negative,"{'commission': np.float64(2.501410318619686), 'slippage': np.float64(2.502661649444388), 'impact': np.float64(0.0), 'funding': None, 'borrow': None, 'funding_status': 'not_modeled', 'borrow_status': 'not_modeled', 'modeled_total': np.float64(5.004071968064074)}",RangeMeanReversion,signal,False
qt_9608d8f41e3142273d12d6a1,2025-06-28,2025-06-29,SOL-USDT,cover,0.7500497292113908,6552.966890289287,2.4575255207963447,3.274846022132806,positive,"{'commission': np.float64(2.4575255207963447), 'slippage': np.float64(2.456297372109711), 'impact': np.float64(0.0), 'funding': None, 'borrow': None, 'funding_status': 'not_modeled', 'borrow_status': 'not_modeled', 'modeled_total': np.float64(4.913822892906056)}",RangeMeanReversion,Target hit (Mid Band),False
qt_69bab896f2cc6e5748da0676,2025-06-29,2025-06-30,BTC-USDT,short,0.15804575099395662,31556.258123403913,2.493666256836258,15.786022072737978,negative,"{'commission': np.float64(2.493666256836258), 'slippage': np.float64(2.4949137136930495), 'impact': np.float64(0.0), 'funding': None, 'borrow': None, 'funding_status': 'not_modeled', 'borrow_status': 'not_modeled', 'modeled_total': np.float64(4.988579970529308)}",RangeMeanReversion,signal,False
qt_2fab6b943c48ee2cd7bd2261,2025-06-30,2025-07-01,ETH-USDT,short,0.6281766979249747,8350.044326775018,2.6226516363603496,4.177110718746917,negative,"{'commission': np.float64(2.6226516363603496), 'slippage': np.float64(2.623963618169456), 'impact': np.float64(0.0), 'funding': None, 'borrow': None, 'funding_status': 'not_modeled', 'borrow_status': 'not_modeled', 'modeled_total': np.float64(5.2466152545298055)}",RangeMeanReversion,signal,False
qt_8e8ae328b61580f388e747ae,2025-07-01,2025-07-02,ETH-USDT,cover,0.6281766979249747,8128.741141666162,2.553142884329369,4.062339401131794,positive,"{'commission': np.float64(2.553142884329369), 'slippage': np.float64(2.5518669508534897), 'impact': np.float64(0.0), 'funding': None, 'borrow': None, 'funding_status': 'not_modeled', 'borrow_status': 'not_modeled', 'modeled_total': np.float64(5.105009835182859)}",RangeMeanReversion,hard_stop,False
qt_d24ffd3159b2518de8c0a34a,2025-07-06,2025-07-07,BTC-USDT,cover,0.15804575099395662,32980.947861912966,2.6062493366642814,16.48223281454557,positive,"{'commission': np.float64(2.6062493366642814), 'slippage': np.float64(2.60494686323209), 'impact': np.float64(0.0), 'funding': None, 'borrow': None, 'funding_status': 'not_modeled', 'borrow_status': 'not_modeled', 'modeled_total': np.float64(5.211196199896371)}",RangeMeanReversion,hard_stop,False
qt_6ecbc2c3c3aabdbefd60a4fb,2025-07-07,2025-07-08,ETH-USDT,short,0.6125915266443972,7972.129053701772,2.441829353806661,3.9880585561286352,negative,"{'commission': np.float64(2.441829353806661), 'slippage': np.float64(2.443050879246091), 'impact': np.float64(0.0), 'funding': None, 'borrow': None, 'funding_status': 'not_modeled', 'borrow_status': 'not_modeled', 'modeled_total': np.float64(4.884880233052752)}",RangeMeanReversion,signal,False
qt_b189c7b4c473354c55978edb,2025-07-08,2025-07-09,BTC-USDT,short,0.15302056432792402,32869.32751726073,2.5148415228852996,16.44288520122791,negative,"{'commission': np.float64(2.5148415228852996), 'slippage': np.float64(2.5160995726711652), 'impact': np.float64(0.0), 'funding': None, 'borrow': None, 'funding_status': 'not_modeled', 'borrow_status': 'not_modeled', 'modeled_total': np.float64(5.030941095556464)}",RangeMeanReversion,signal,False
qt_2a4eeaec4257d59207ae7a5b,2025-07-12,2025-07-13,BTC-USDT,cover,0.15302056432792402,34699.42219494544,2.654862583061721,17.34104057717923,positive,"{'commission': np.float64(2.654862583061721), 'slippage': np.float64(2.6535358151533948), 'impact': np.float64(0.0), 'funding': None, 'borrow': None, 'funding_status': 'not_modeled', 'borrow_status': 'not_modeled', 'modeled_total': np.float64(5.308398398215116)}",RangeMeanReversion,hard_stop,False
qt_5be9cb1e997da5f1625ef0a0,2025-07-13,2025-07-14,BTC-USDT,short,0.14419655950468332,35881.70806467278,2.587009426038632,17.949828946810158,negative,"{'commission': np.float64(2.587009426038632), 'slippage': np.float64(2.588303577827598), 'impact': np.float64(0.0), 'funding': None, 'borrow': None, 'funding_status': 'not_modeled', 'borrow_status': 'not_modeled', 'modeled_total': np.float64(5.17531300386623)}",RangeMeanReversion,signal,False
qt_773894d8018c7d7917aa7480,2025-07-13,2025-07-14,ETH-USDT,cover,0.6125915266443972,7895.343362961701,2.4183102220492088,3.9456988320644086,positive,"{'commission': np.float64(2.4183102220492088), 'slippage': np.float64(2.4171016712133513), 'impact': np.float64(0.0), 'funding': None, 'borrow': None, 'funding_status': 'not_modeled', 'borrow_status': 'not_modeled', 'modeled_total': np.float64(4.83541189326256)}",RangeMeanReversion,Target hit (Mid Band),False
qt_e4f3338cd358461428c65fcb,2025-07-14,2025-07-15,BTC-USDT,cover,0.14419655950468332,35434.72101940467,2.5547824290032195,17.708506256574765,positive,"{'commission': np.float64(2.5547824290032195), 'slippage': np.float64(2.55350567616524), 'impact': np.float64(0.0), 'funding': None, 'borrow': None, 'funding_status': 'not_modeled', 'borrow_status': 'not_modeled', 'modeled_total': np.float64(5.10828810516846)}",RangeMeanReversion,hard_stop,False
qt_445362483eb983fac46eb089,2025-07-15,2025-07-16,BTC-USDT,short,0.14081340590718078,36252.39150050108,2.5524113597330444,18.135263381940604,negative,"{'commission': np.float64(2.5524113597330444), 'slippage': np.float64(2.553688203834834), 'impact': np.float64(0.0), 'funding': None, 'borrow': None, 'funding_status': 'not_modeled', 'borrow_status': 'not_modeled', 'modeled_total': np.float64(5.106099563567879)}",RangeMeanReversion,signal,False
qt_82837a568a390a8d95ff949c,2025-07-16,2025-07-17,BTC-USDT,cover,0.14081340590718078,35830.787488100934,2.5227276112679458,17.90644052378775,positive,"{'commission': np.float64(2.5227276112679458), 'slippage': np.float64(2.5214668778289155), 'impact': np.float64(0.0), 'funding': None, 'borrow': None, 'funding_status': 'not_modeled', 'borrow_status': 'not_modeled', 'modeled_total': np.float64(5.044194489096862)}",RangeMeanReversion,hard_stop,False
qt_e32c56a02182fa3ef02c3985,2025-07-23,2025-07-24,BTC-USDT,buy,0.10292628044691324,36770.681871810724,1.8923347572811098,18.37615285947686,positive,"{'commission': np.float64(1.8923347572811098), 'slippage': np.float64(1.891389062749862), 'impact': np.float64(0.0), 'funding': None, 'borrow': None, 'funding_status': 'not_modeled', 'borrow_status': 'not_modeled', 'modeled_total': np.float64(3.7837238200309717)}",TrendBreakout,signal,False
qt_8a8f1978b5e01a1532bb7307,2025-07-25,2025-07-26,ETH-USDT,short,0.5995053900807339,8392.933403416017,2.5158044069682703,4.198565984699599,negative,"{'commission': np.float64(2.5158044069682703), 'slippage': np.float64(2.5170629384370335), 'impact': np.float64(0.0), 'funding': None, 'borrow': None, 'funding_status': 'not_modeled', 'borrow_status': 'not_modeled', 'modeled_total': np.float64(5.032867345405304)}",RangeMeanReversion,signal,False
qt_2b6ebeaaad98f94ac7e8265f,2025-08-01,2025-08-02,ETH-USDT,cover,0.5995053900807339,7745.257784818005,2.3216618947815797,3.8706935456357314,positive,"{'commission': np.float64(2.3216618947815797), 'slippage': np.float64(2.3205016439593282), 'impact': np.float64(0.0), 'funding': None, 'borrow': None, 'funding_status': 'not_modeled', 'borrow_status': 'not_modeled', 'modeled_total': np.float64(4.642163538740908)}",RangeMeanReversion,Target hit (Mid Band),False
qt_875251886b110a5c5d8c5cd6,2025-08-02,2025-08-03,SOL-USDT,short,0.7510195686511391,4976.15412279629,1.8685945614220285,2.4893217222588646,negative,"{'commission': np.float64(1.8685945614220285), 'slippage': np.float64(1.8695293260847632), 'impact': np.float64(0.0), 'funding': None, 'borrow': None, 'funding_status': 'not_modeled', 'borrow_status': 'not_modeled', 'modeled_total': np.float64(3.7381238875067915)}",TrendBreakdown,signal,False
qt_95bed9aab6d981572a469f17,2025-08-05,2025-08-06,ETH-USDT,short,0.6017661967262471,8390.743362134232,2.52463286036876,4.197470416274882,negative,"{'commission': np.float64(2.52463286036876), 'slippage': np.float64(2.525895808272673), 'impact': np.float64(0.0), 'funding': None, 'borrow': None, 'funding_status': 'not_modeled', 'borrow_status': 'not_modeled', 'modeled_total': np.float64(5.050528668641433)}",RangeMeanReversion,signal,False
qt_522cf9ccc3a2ec68f8835ce7,2025-08-06,2025-08-07,BTC-USDT,sell,0.10292628044691324,37344.40943442106,1.9218605792857872,18.68154548995517,negative,"{'commission': np.float64(1.9218605792857872), 'slippage': np.float64(1.922821990280893), 'impact': np.float64(0.0), 'funding': None, 'borrow': None, 'funding_status': 'not_modeled', 'borrow_status': 'not_modeled', 'modeled_total': np.float64(3.84468256956668)}",Router,StateSwitch,False
qt_1f458b76a3998128a2663dc4,2025-08-09,2025-08-10,BTC-USDT,buy,0.1432451329352757,36164.149978755246,2.590169235599021,18.073038470138272,positive,"{'commission': np.float64(2.590169235599021), 'slippage': np.float64(2.588874798199308), 'impact': np.float64(0.0), 'funding': None, 'borrow': None, 'funding_status': 'not_modeled', 'borrow_status': 'not_modeled', 'modeled_total': np.float64(5.179044033798329)}",RangeMeanReversion,signal,False
qt_132b7e4c4e039492845ea299,2025-08-09,2025-08-10,ETH-USDT,cover,0.6017661967262471,7949.448250783911,2.391854619973176,3.9727377565131974,positive,"{'commission': np.float64(2.391854619973176), 'slippage': np.float64(2.39065929032771), 'impact': np.float64(0.0), 'funding': None, 'borrow': None, 'funding_status': 'not_modeled', 'borrow_status': 'not_modeled', 'modeled_total': np.float64(4.782513910300886)}",RangeMeanReversion,Target hit (Mid Band),False
qt_a9f5276970071a8999114d88,2025-08-10,2025-08-11,SOL-USDT,cover,0.7510195686511391,5241.746178717025,1.9683269770594085,2.619563307704084,positive,"{'commission': np.float64(1.9683269770594085), 'slippage': np.float64(1.9673433054062721), 'impact': np.float64(0.0), 'funding': None, 'borrow': None, 'funding_status': 'not_modeled', 'borrow_status': 'not_modeled', 'modeled_total': np.float64(3.9356702824656806)}",Router,StateSwitch,False
qt_65a30ff78de91e28d5641045,2025-08-13,2025-08-14,SOL-USDT,short,0.9345725931832524,5352.147070423746,2.500984983352034,2.677412241332604,negative,"{'commission': np.float64(2.500984983352034), 'slippage': np.float64(2.502236101402796), 'impact': np.float64(0.0), 'funding': None, 'borrow': None, 'funding_status': 'not_modeled', 'borrow_status': 'not_modeled', 'modeled_total': np.float64(5.00322108475483)}",VolatilityReversion,signal,False
qt_c6167a93778dad578451e665,2025-08-15,2025-08-16,BTC-USDT,sell,0.1432451329352757,34048.46640953491,2.4386385485380484,17.032749579557276,negative,"{'commission': np.float64(2.4386385485380484), 'slippage': np.float64(2.439858477776943), 'impact': np.float64(0.0), 'funding': None, 'borrow': None, 'funding_status': 'not_modeled', 'borrow_status': 'not_modeled', 'modeled_total': np.float64(4.878497026314991)}",RangeMeanReversion,hard_stop,False
qt_7a0ed2a07199da3c328d3712,2025-08-15,2025-08-16,ETH-USDT,short,0.5880317697090277,8516.264866884025,2.503917150492315,4.260262564723234,negative,"{'commission': np.float64(2.503917150492315), 'slippage': np.float64(2.5051697353593245), 'impact': np.float64(0.0), 'funding': None, 'borrow': None, 'funding_status': 'not_modeled', 'borrow_status': 'not_modeled', 'modeled_total': np.float64(5.009086885851639)}",RangeMeanReversion,signal,False
qt_870771570c5986a766302818,2025-08-15,2025-08-16,SOL-USDT,cover,0.9345725931832524,5220.568255584932,2.4395000062560888,2.6089796379728796,positive,"{'commission': np.float64(2.4395000062560888), 'slippage': np.float64(2.438280865822617), 'impact': np.float64(0.0), 'funding': None, 'borrow': None, 'funding_status': 'not_modeled', 'borrow_status': 'not_modeled', 'modeled_total': np.float64(4.877780872078706)}",Router,StateSwitch,False
qt_f46272784c0a3b1982ffa6ba,2025-08-16,2025-08-17,BTC-USDT,buy,0.1510034195038698,33607.26495223945,2.5374059639803574,16.7952348586914,positive,"{'commission': np.float64(2.5374059639803574), 'slippage': np.float64(2.5361378950329954), 'impact': np.float64(0.0), 'funding': None, 'borrow': None, 'funding_status': 'not_modeled', 'borrow_status': 'not_modeled', 'modeled_total': np.float64(5.073543859013353)}",RangeMeanReversion,signal,False
qt_f6357cf26c428c9bdc788d3b,2025-08-17,2025-08-18,BTC-USDT,sell,0.1510034195038698,33430.925754064774,2.524092053021884,16.723824789427454,negative,"{'commission': np.float64(2.524092053021884), 'slippage': np.float64(2.525354730387131), 'impact': np.float64(0.0), 'funding': None, 'borrow': None, 'funding_status': 'not_modeled', 'borrow_status': 'not_modeled', 'modeled_total': np.float64(5.0494467834090155)}",RangeMeanReversion,hard_stop,False
qt_b4f4ce159cdf67ea355110d4,2025-08-18,2025-08-19,ETH-USDT,cover,0.5880317697090277,8784.88509716998,2.5828957651896634,4.390247424871632,positive,"{'commission': np.float64(2.5828957651896634), 'slippage': np.float64(2.5816049627077673), 'impact': np.float64(0.0), 'funding': None, 'borrow': None, 'funding_status': 'not_modeled', 'borrow_status': 'not_modeled', 'modeled_total': np.float64(5.164500727897431)}",RangeMeanReversion,hard_stop,False
qt_b383e2af2ce0c9fc1ab1a9f3,2025-08-28,2025-08-29,SOL-USDT,short,0.9073863672814557,5613.814092329507,2.546949187916157,2.8083112017657186,negative,"{'commission': np.float64(2.546949187916157), 'slippage': np.float64(2.548223299566015), 'impact': np.float64(0.0), 'funding': None, 'borrow': None, 'funding_status': 'not_modeled', 'borrow_status': 'not_modeled', 'modeled_total': np.float64(5.095172487482172)}",RangeMeanReversion,signal,False
qt_68deef68595327f5c22cb619,2025-08-30,2025-08-31,SOL-USDT,cover,0.9073863672814557,5812.393355848213,2.63704324618699,2.9047443057706914,positive,"{'commission': np.float64(2.63704324618699), 'slippage': np.float64(2.6357253834947616), 'impact': np.float64(0.0), 'funding': None, 'borrow': None, 'funding_status': 'not_modeled', 'borrow_status': 'not_modeled', 'modeled_total': np.float64(5.272768629681751)}",RangeMeanReversion,hard_stop,False
qt_fcf69a8ed4dee39e5e0d4df1,2025-08-31,2025-09-01,SOL-USDT,short,0.8602827383921849,5732.865398636987,2.4659425719866164,2.8678666326341045,negative,"{'commission': np.float64(2.4659425719866164), 'slippage': np.float64(2.4671761600660416), 'impact': np.float64(0.0), 'funding': None, 'borrow': None, 'funding_status': 'not_modeled', 'borrow_status': 'not_modeled', 'modeled_total': np.float64(4.933118732052658)}",RangeMeanReversion,signal,False
qt_4c34e8314253cac8477f8bcd,2025-09-07,2025-09-08,ETH-USDT,short,0.5597394558659706,8938.540430314499,2.501626878350108,4.471505968140264,negative,"{'commission': np.float64(2.501626878350108), 'slippage': np.float64(2.502878317508271), 'impact': np.float64(0.0), 'funding': None, 'borrow': None, 'funding_status': 'not_modeled', 'borrow_status': 'not_modeled', 'modeled_total': np.float64(5.004505195858379)}",RangeMeanReversion,signal,False
qt_ab61b2ffc4f49b52bc9eb6b5,2025-09-07,2025-09-08,SOL-USDT,cover,0.8602827383921849,5341.336820768681,2.297529933422944,2.6693337435126523,positive,"{'commission': np.float64(2.297529933422944), 'slippage': np.float64(2.2963817425517266), 'impact': np.float64(0.0), 'funding': None, 'borrow': None, 'funding_status': 'not_modeled', 'borrow_status': 'not_modeled', 'modeled_total': np.float64(4.59391167597467)}",RangeMeanReversion,Target hit (Mid Band),False
qt_51964effb4398215e784c2ba,2025-09-09,2025-09-10,ETH-USDT,cover,0.5597394558659706,9049.16370399902,2.532586983859251,4.522320691652567,positive,"{'commission': np.float64(2.532586983859251), 'slippage': np.float64(2.5313213231970275), 'impact': np.float64(0.0), 'funding': None, 'borrow': None, 'funding_status': 'not_modeled', 'borrow_status': 'not_modeled', 'modeled_total': np.float64(5.063908307056279)}",RangeMeanReversion,Target hit (Mid Band),False
qt_cf7d775727eaf15c22e0756b,2025-09-10,2025-09-11,BTC-USDT,short,0.13869209749862974,37606.907623817766,2.6078904493922477,18.812860242025636,negative,"{'commission': np.float64(2.6078904493922477), 'slippage': np.float64(2.6091950469151146), 'impact': np.float64(0.0), 'funding': None, 'borrow': None, 'funding_status': 'not_modeled', 'borrow_status': 'not_modeled', 'modeled_total': np.float64(5.217085496307362)}",RangeMeanReversion,signal,False
qt_31cc4c1d325c8b16b823575b,2025-09-11,2025-09-12,BTC-USDT,cover,0.13869209749862974,39289.839031190386,2.724595092809663,19.63510196460993,positive,"{'commission': np.float64(2.724595092809663), 'slippage': np.float64(2.7232334760712167), 'impact': np.float64(0.0), 'funding': None, 'borrow': None, 'funding_status': 'not_modeled', 'borrow_status': 'not_modeled', 'modeled_total': np.float64(5.44782856888088)}",RangeMeanReversion,hard_stop,False
qt_e6297764438898e767420f7d,2025-09-11,2025-09-12,ETH-USDT,short,0.5520187396404674,9079.08018201994,2.5059111995866967,4.541810996508502,negative,"{'commission': np.float64(2.5059111995866967), 'slippage': np.float64(2.507164781977839), 'impact': np.float64(0.0), 'funding': None, 'borrow': None, 'funding_status': 'not_modeled', 'borrow_status': 'not_modeled', 'modeled_total': np.float64(5.013075981564535)}",RangeMeanReversion,signal,False
qt_9c2d986da62691ef6a2dc5e4,2025-09-14,2025-09-15,ETH-USDT,cover,0.5520187396404674,8709.420178812847,2.403881575053761,4.3525338224953884,positive,"{'commission': np.float64(2.403881575053761), 'slippage': np.float64(2.4026802349364105), 'impact': np.float64(0.0), 'funding': None, 'borrow': None, 'funding_status': 'not_modeled', 'borrow_status': 'not_modeled', 'modeled_total': np.float64(4.806561809990171)}",RangeMeanReversion,Target hit (Mid Band),False
qt_cb180f4608381783b77de429,2025-09-20,2025-09-21,ETH-USDT,buy,0.5913342333365669,8503.747210223313,2.5142784185226863,4.249748730746433,positive,"{'commission': np.float64(2.5142784185226863), 'slippage': np.float64(2.51302190756899), 'impact': np.float64(0.0), 'funding': None, 'borrow': None, 'funding_status': 'not_modeled', 'borrow_status': 'not_modeled', 'modeled_total': np.float64(5.027300326091677)}",RangeMeanReversion,signal,False
qt_50f9d09cf0ec4f8bd342ae09,2025-10-01,2025-10-02,ETH-USDT,sell,0.5913342333365669,8737.380236995086,2.5833560219067806,4.370875556274768,negative,"{'commission': np.float64(2.5833560219067806), 'slippage': np.float64(2.5846483460792804), 'impact': np.float64(0.0), 'funding': None, 'borrow': None, 'funding_status': 'not_modeled', 'borrow_status': 'not_modeled', 'modeled_total': np.float64(5.168004367986061)}",RangeMeanReversion,Target hit (Mid Band),False
qt_74e280e17d8197c8d28fb022,2025-10-05,2025-10-06,ETH-USDT,buy,0.6057540669643888,8309.335418658333,2.516706861811764,4.152591413621849,positive,"{'commission': np.float64(2.516706861811764), 'slippage': np.float64(2.5154491372428356), 'impact': np.float64(0.0), 'funding': None, 'borrow': None, 'funding_status': 'not_modeled', 'borrow_status': 'not_modeled', 'modeled_total': np.float64(5.032155999054599)}",RangeMeanReversion,signal,False
qt_b522a0536b0105903f0a9c27,2025-10-07,2025-10-08,ETH-USDT,sell,0.6057540669643888,8165.554444370125,2.473158906848172,4.08481963200029,negative,"{'commission': np.float64(2.473158906848172), 'slippage': np.float64(2.4743961049001535), 'impact': np.float64(0.0), 'funding': None, 'borrow': None, 'funding_status': 'not_modeled', 'borrow_status': 'not_modeled', 'modeled_total': np.float64(4.947555011748325)}",RangeMeanReversion,hard_stop,False
qt_8fec92e5ab9549f969bfd765,2025-10-08,2025-10-09,ETH-USDT,buy,0.6229050443509897,8263.385154616444,2.573652148112833,4.12962776342647,positive,"{'commission': np.float64(2.573652148112833), 'slippage': np.float64(2.5723659651302437), 'impact': np.float64(0.0), 'funding': None, 'borrow': None, 'funding_status': 'not_modeled', 'borrow_status': 'not_modeled', 'modeled_total': np.float64(5.146018113243077)}",RangeMeanReversion,signal,False
qt_8d1422cbdf72e3551409695e,2025-10-12,2025-10-13,SOL-USDT,buy,1.112175012641754,4478.163824891465,2.4902509542802553,2.2379629309798474,positive,"{'commission': np.float64(2.4902509542802553), 'slippage': np.float64(2.489006451054289), 'impact': np.float64(0.0), 'funding': None, 'borrow': None, 'funding_status': 'not_modeled', 'borrow_status': 'not_modeled', 'modeled_total': np.float64(4.979257405334544)}",RangeMeanReversion,signal,False
qt_203530e550dd371d9506f3a1,2025-10-14,2025-10-15,BTC-USDT,buy,0.1351815456406851,37556.81678778557,2.5384942713584415,18.76902388194867,positive,"{'commission': np.float64(2.5384942713584415), 'slippage': np.float64(2.5372256585287527), 'impact': np.float64(0.0), 'funding': None, 'borrow': None, 'funding_status': 'not_modeled', 'borrow_status': 'not_modeled', 'modeled_total': np.float64(5.075719929887194)}",RangeMeanReversion,signal,False
qt_b9964aca31f87e1565de90e0,2025-10-14,2025-10-15,ETH-USDT,sell,0.6229050443509897,8329.851861392814,2.5943533715790323,4.167009435414002,negative,"{'commission': np.float64(2.5943533715790323), 'slippage': np.float64(2.5956511971775513), 'impact': np.float64(0.0), 'funding': None, 'borrow': None, 'funding_status': 'not_modeled', 'borrow_status': 'not_modeled', 'modeled_total': np.float64(5.190004568756583)}",RangeMeanReversion,Target hit (Mid Band),False
qt_30ee5b742dbea7a3e08c053b,2025-10-14,2025-10-15,SOL-USDT,sell,1.112175012641754,4486.3668677949945,2.494812563952722,2.2443055866906434,negative,"{'commission': np.float64(2.494812563952722), 'slippage': np.float64(2.4960605942496255), 'impact': np.float64(0.0), 'funding': None, 'borrow': None, 'funding_status': 'not_modeled', 'borrow_status': 'not_modeled', 'modeled_total': np.float64(4.990873158202348)}",RangeMeanReversion,hard_stop,False
qt_bd242d9ea9ba51b63dc5ed8a,2025-10-18,2025-10-19,BTC-USDT,sell,0.1351815456406851,38172.552071909806,2.580112295065152,19.095823947929603,negative,"{'commission': np.float64(2.580112295065152), 'slippage': np.float64(2.5814029965635332), 'impact': np.float64(0.0), 'funding': None, 'borrow': None, 'funding_status': 'not_modeled', 'borrow_status': 'not_modeled', 'modeled_total': np.float64(5.161515291628685)}",RangeMeanReversion,Target hit (Mid Band),False
qt_1a135ef0e69f5030c1e03674,2025-10-20,2025-10-21,BTC-USDT,buy,0.14033185513839572,37798.270425290924,2.6521507049019166,18.8896903674613,positive,"{'commission': np.float64(2.6521507049019166), 'slippage': np.float64(2.650825292255728), 'impact': np.float64(0.0), 'funding': None, 'borrow': None, 'funding_status': 'not_modeled', 'borrow_status': 'not_modeled', 'modeled_total': np.float64(5.3029759971576444)}",RangeMeanReversion,signal,False
qt_781f672f22c0aafdb6d67aeb,2025-10-24,2025-10-25,BTC-USDT,sell,0.14033185513839572,38507.03713815442,2.701881978740155,19.26315014415013,negative,"{'commission': np.float64(2.701881978740155), 'slippage': np.float64(2.703233595538043), 'impact': np.float64(0.0), 'funding': None, 'borrow': None, 'funding_status': 'not_modeled', 'borrow_status': 'not_modeled', 'modeled_total': np.float64(5.405115574278198)}",RangeMeanReversion,Target hit (Mid Band),False
qt_9533b1ae9d42db0bdeb41ed7,2025-10-26,2025-10-27,BTC-USDT,short,0.13101940323261002,39395.55069640433,2.580790771131465,19.707629162781814,negative,"{'commission': np.float64(2.580790771131465), 'slippage': np.float64(2.5820818120372553), 'impact': np.float64(0.0), 'funding': None, 'borrow': None, 'funding_status': 'not_modeled', 'borrow_status': 'not_modeled', 'modeled_total': np.float64(5.1628725831687206)}",RangeMeanReversion,signal,False
qt_1730214b5508205c0a5fe6b4,2025-10-26,2025-10-27,ETH-USDT,short,0.597070019284496,8427.704646213773,2.515964887819447,4.215960303257816,negative,"{'commission': np.float64(2.515964887819447), 'slippage': np.float64(2.517223499568814), 'impact': np.float64(0.0), 'funding': None, 'borrow': None, 'funding_status': 'not_modeled', 'borrow_status': 'not_modeled', 'modeled_total': np.float64(5.033188387388261)}",RangeMeanReversion,signal,False
qt_74bc8188c2715013437a0b90,2025-10-28,2025-10-29,BTC-USDT,cover,0.13101940323261002,42807.258110192415,2.8042907058108577,21.39293258880207,positive,"{'commission': np.float64(2.8042907058108577), 'slippage': np.float64(2.802889261180302), 'impact': np.float64(0.0), 'funding': None, 'borrow': None, 'funding_status': 'not_modeled', 'borrow_status': 'not_modeled', 'modeled_total': np.float64(5.6071799669911595)}",RangeMeanReversion,hard_stop,False
qt_eb5dc41ae52a63617fea9a38,2025-10-29,2025-10-30,BTC-USDT,short,0.11708160397519181,42187.658442207925,2.469699359185623,21.1043814118093,negative,"{'commission': np.float64(2.469699359185623), 'slippage': np.float64(2.4709348265988558), 'impact': np.float64(0.0), 'funding': None, 'borrow': None, 'funding_status': 'not_modeled', 'borrow_status': 'not_modeled', 'modeled_total': np.float64(4.940634185784479)}",RangeMeanReversion,signal,False
qt_67eed651ca50037d440e751c,2025-11-01,2025-11-02,BTC-USDT,cover,0.11708160397519181,44789.08039873821,2.6219886868290465,22.38334852510161,positive,"{'commission': np.float64(2.6219886868290465), 'slippage': np.float64(2.6206783476546405), 'impact': np.float64(0.0), 'funding': None, 'borrow': None, 'funding_status': 'not_modeled', 'borrow_status': 'not_modeled', 'modeled_total': np.float64(5.242667034483687)}",RangeMeanReversion,hard_stop,False
qt_3a2bbcd5c6e83de444524409,2025-11-01,2025-11-02,ETH-USDT,cover,0.597070019284496,9034.451972739913,2.6971002067943366,4.514968502118791,positive,"{'commission': np.float64(2.6971002067943366), 'slippage': np.float64(2.695752330628958), 'impact': np.float64(0.0), 'funding': None, 'borrow': None, 'funding_status': 'not_modeled', 'borrow_status': 'not_modeled', 'modeled_total': np.float64(5.392852537423295)}",RangeMeanReversion,hard_stop,False
qt_1ccb7e9af5c274acdd23e2f2,2025-11-02,2025-11-03,ETH-USDT,short,0.5342390324788934,8794.80680832605,2.3492645400594467,4.399603205765743,negative,"{'commission': np.float64(2.3492645400594467), 'slippage': np.float64(2.350439759939328), 'impact': np.float64(0.0), 'funding': None, 'borrow': None, 'funding_status': 'not_modeled', 'borrow_status': 'not_modeled', 'modeled_total': np.float64(4.699704299998775)}",RangeMeanReversion,signal,False
qt_469231cccbda864d55d8f2c3,2025-11-05,2025-11-06,BTC-USDT,buy,0.04881668103488269,44087.42982190216,1.0761009996317863,22.03269856167026,positive,"{'commission': np.float64(1.0761009996317863), 'slippage': np.float64(1.0755632180227757), 'impact': np.float64(0.0), 'funding': None, 'borrow': None, 'funding_status': 'not_modeled', 'borrow_status': 'not_modeled', 'modeled_total': np.float64(2.151664217654562)}",TrendBreakout,signal,False
qt_dcaa795c3b401b623cc71058,2025-11-08,2025-11-09,BTC-USDT,sell,0.04881668103488269,40619.68751728626,0.9914591646339845,20.320003760520194,negative,"{'commission': np.float64(0.9914591646339845), 'slippage': np.float64(0.9919551422049311), 'impact': np.float64(0.0), 'funding': None, 'borrow': None, 'funding_status': 'not_modeled', 'borrow_status': 'not_modeled', 'modeled_total': np.float64(1.9834143068389156)}",TrendBreakout,Breakout Exit (Below Low10),False
qt_45932028897fd9f4f4bfeb32,2025-11-09,2025-11-10,ETH-USDT,cover,0.5342390324788934,9087.991555005103,2.42757990776114,4.541724915045052,positive,"{'commission': np.float64(2.42757990776114), 'slippage': np.float64(2.4263667243989526), 'impact': np.float64(0.0), 'funding': None, 'borrow': None, 'funding_status': 'not_modeled', 'borrow_status': 'not_modeled', 'modeled_total': np.float64(4.853946632160093)}",RangeMeanReversion,hard_stop,False
qt_cb567586655792505ab7619d,2025-11-16,2025-11-17,SOL-USDT,short,1.043222375261508,4372.4434909592865,2.2807154421676334,2.1873154031809463,negative,"{'commission': np.float64(2.2807154421676334), 'slippage': np.float64(2.28185637035251), 'impact': np.float64(0.0), 'funding': None, 'borrow': None, 'funding_status': 'not_modeled', 'borrow_status': 'not_modeled', 'modeled_total': np.float64(4.562571812520144)}",RangeMeanReversion,signal,False
qt_07d7c8850915877585d60ed3,2025-11-17,2025-11-18,ETH-USDT,short,0.4943752263264526,9608.149083209744,2.3750154387950575,4.8064777804938785,negative,"{'commission': np.float64(2.3750154387950575), 'slippage': np.float64(2.3762035405647266), 'impact': np.float64(0.0), 'funding': None, 'borrow': None, 'funding_status': 'not_modeled', 'borrow_status': 'not_modeled', 'modeled_total': np.float64(4.751218979359784)}",RangeMeanReversion,signal,False
qt_fb500f1c00168bf68c54fb4f,2025-11-19,2025-11-20,ETH-USDT,cover,0.4943752263264526,9854.489874863399,2.4359078311086644,4.9247825461588945,positive,"{'commission': np.float64(2.4359078311086644), 'slippage': np.float64(2.434690485865867), 'impact': np.float64(0.0), 'funding': None, 'borrow': None, 'funding_status': 'not_modeled', 'borrow_status': 'not_modeled', 'modeled_total': np.float64(4.870598316974531)}",RangeMeanReversion,hard_stop,False
qt_100c34769d8ce79233b4d85b,2025-11-19,2025-11-20,SOL-USDT,cover,1.043222375261508,4419.988567526285,2.3055154860217404,2.2088898388437883,positive,"{'commission': np.float64(2.3055154860217404), 'slippage': np.float64(2.3043633043696263), 'impact': np.float64(0.0), 'funding': None, 'borrow': None, 'funding_status': 'not_modeled', 'borrow_status': 'not_modeled', 'modeled_total': np.float64(4.609878790391367)}",RangeMeanReversion,Target hit (Mid Band),False
qt_afb33a37eaad308e64a5e0c7,2025-11-25,2025-11-26,ETH-USDT,buy,0.18263753926524287,10670.406671151992,0.9744084086893158,5.332537067042722,positive,"{'commission': np.float64(0.9744084086893158), 'slippage': np.float64(0.9739214479653782), 'impact': np.float64(0.0), 'funding': None, 'borrow': None, 'funding_status': 'not_modeled', 'borrow_status': 'not_modeled', 'modeled_total': np.float64(1.948329856654694)}",TrendBreakout,signal,False
qt_a33a0b77f33dd40f7eb080da,2025-11-26,2025-11-27,SOL-USDT,buy,1.1085455325854676,4142.988660030509,2.296345785314537,2.0704591004650865,positive,"{'commission': np.float64(2.296345785314537), 'slippage': np.float64(2.2951981862214974), 'impact': np.float64(0.0), 'funding': None, 'borrow': None, 'funding_status': 'not_modeled', 'borrow_status': 'not_modeled', 'modeled_total': np.float64(4.591543971536034)}",RangeMeanReversion,signal,False
qt_fe7dedfdc7fc17051bbe4b5f,2025-11-28,2025-11-29,SOL-USDT,sell,1.1085455325854676,4016.640259889836,2.2263143080519048,2.0093247923409763,negative,"{'commission': np.float64(2.2263143080519048), 'slippage': np.float64(2.2274280220628118), 'impact': np.float64(0.0), 'funding': None, 'borrow': None, 'funding_status': 'not_modeled', 'borrow_status': 'not_modeled', 'modeled_total': np.float64(4.453742330114716)}",RangeMeanReversion,hard_stop,False
qt_1b85a9e417dad271d94dbd73,2025-12-12,2025-12-13,ETH-USDT,sell,0.18263753926524287,10671.083388716175,0.9744702057046657,5.33821079975678,negative,"{'commission': np.float64(0.9744702057046657), 'slippage': np.float64(0.9749576845467225), 'impact': np.float64(0.0), 'funding': None, 'borrow': None, 'funding_status': 'not_modeled', 'borrow_status': 'not_modeled', 'modeled_total': np.float64(1.9494278902513882)}",Router,StateSwitch,False
qt_22468a3581388bad1ad198ff,2025-12-17,2025-12-18,SOL-USDT,short,0.9437683548059123,4882.072367724279,2.3037727032652735,2.44225731251845,negative,"{'commission': np.float64(2.3037727032652735), 'slippage': np.float64(2.304925165848246), 'impact': np.float64(0.0), 'funding': None, 'borrow': None, 'funding_status': 'not_modeled', 'borrow_status': 'not_modeled', 'modeled_total': np.float64(4.60869786911352)}",RangeMeanReversion,signal,False
qt_d4501d5405ad7ffbb0fd9796,2025-12-18,2025-12-19,BTC-USDT,buy,0.1337598033493042,33676.4459134427,2.252277391442788,16.829808052694716,positive,"{'commission': np.float64(2.252277391442788), 'slippage': np.float64(2.2511518155349814), 'impact': np.float64(0.0), 'funding': None, 'borrow': None, 'funding_status': 'not_modeled', 'borrow_status': 'not_modeled', 'modeled_total': np.float64(4.503429206977769)}",RangeMeanReversion,signal,False
qt_d164ebd026b25301f1cc4f4c,2025-12-19,2025-12-20,BTC-USDT,sell,0.1337598033493042,34423.70595519987,2.3022540695609033,17.220463209203444,negative,"{'commission': np.float64(2.3022540695609033), 'slippage': np.float64(2.3034057724469807), 'impact': np.float64(0.0), 'funding': None, 'borrow': None, 'funding_status': 'not_modeled', 'borrow_status': 'not_modeled', 'modeled_total': np.float64(4.605659842007884)}",Router,StateSwitch,False
qt_9ca813662e0f4433facf9744,2025-12-20,2025-12-21,SOL-USDT,cover,0.9437683548059123,5188.335999128972,2.4482936650391194,2.592871563781955,positive,"{'commission': np.float64(2.4482936650391194), 'slippage': np.float64(2.447070129973529), 'impact': np.float64(0.0), 'funding': None, 'borrow': None, 'funding_status': 'not_modeled', 'borrow_status': 'not_modeled', 'modeled_total': np.float64(4.895363795012648)}",RangeMeanReversion,hard_stop,False
qt_365c86c0d0e4e90af2cf2dfe,2025-12-21,2025-12-22,ETH-USDT,buy,0.1789338641031921,12178.911639849275,1.0896098601447872,6.0864126136166306,positive,"{'commission': np.float64(1.0896098601447872), 'slippage': np.float64(1.0890653274808324), 'impact': np.float64(0.0), 'funding': None, 'borrow': None, 'funding_status': 'not_modeled', 'borrow_status': 'not_modeled', 'modeled_total': np.float64(2.1786751876256196)}",TrendBreakout,signal,False
qt_26b616bd5c6cdccc433551d7,2025-12-24,2025-12-25,ETH-USDT,sell,0.1789338641031921,11257.322709096727,1.007158125897646,5.6314770930948725,negative,"{'commission': np.float64(1.007158125897646), 'slippage': np.float64(1.0076619568760772), 'impact': np.float64(0.0), 'funding': None, 'borrow': None, 'funding_status': 'not_modeled', 'borrow_status': 'not_modeled', 'modeled_total': np.float64(2.0148200827737233)}",Router,StateSwitch,False
qt_5264881595e8bf0e96222a19,2025-12-26,2025-12-27,BTC-USDT,short,0.11518977780694296,38754.70178235059,2.2320727436416505,19.387044413379044,negative,"{'commission': np.float64(2.2320727436416505), 'slippage': np.float64(2.233189338310467), 'impact': np.float64(0.0), 'funding': None, 'borrow': None, 'funding_status': 'not_modeled', 'borrow_status': 'not_modeled', 'modeled_total': np.float64(4.465262081952117)}",RangeMeanReversion,signal,False
qt_a39ef1feb51c1aa76f586b9f,2025-12-31,2026-01-01,BTC-USDT,cover,0.11518977780694296,35464.74239675959,2.0425878983316035,17.72350944365462,positive,"{'commission': np.float64(2.0425878983316035), 'slippage': np.float64(2.041567114773831), 'impact': np.float64(0.0), 'funding': None, 'borrow': None, 'funding_status': 'not_modeled', 'borrow_status': 'not_modeled', 'modeled_total': np.float64(4.084155013105434)}",RangeMeanReversion,Target hit (Mid Band),False
qt_1d2fc5195661d1881cacd2c7,2026-01-15,2026-01-16,SOL-USDT,buy,1.019417751920941,4541.433956386084,2.3148091971582634,2.2695821870993313,positive,"{'commission': np.float64(2.3148091971582634), 'slippage': np.float64(2.313652370972613), 'impact': np.float64(0.0), 'funding': None, 'borrow': None, 'funding_status': 'not_modeled', 'borrow_status': 'not_modeled', 'modeled_total': np.float64(4.628461568130876)}",RangeMeanReversion,signal,False
qt_14e13a58f1a48fe178ccd5fe,2026-01-16,2026-01-17,ETH-USDT,short,0.23136744440612317,9064.197421673489,1.0485800965225829,4.534365893783615,negative,"{'commission': np.float64(1.0485800965225829), 'slippage': np.float64(1.0491046488470017), 'impact': np.float64(0.0), 'funding': None, 'borrow': None, 'funding_status': 'not_modeled', 'borrow_status': 'not_modeled', 'modeled_total': np.float64(2.097684745369585)}",TrendBreakdown,signal,False
qt_80286fb4530868998aa4cc36,2026-01-18,2026-01-19,SOL-USDT,sell,1.019417751920941,4724.756255494034,2.408250200175066,2.363559907700619,negative,"{'commission': np.float64(2.408250200175066), 'slippage': np.float64(2.409454927638632), 'impact': np.float64(0.0), 'funding': None, 'borrow': None, 'funding_status': 'not_modeled', 'borrow_status': 'not_modeled', 'modeled_total': np.float64(4.8177051278136975)}",RangeMeanReversion,Target hit (Mid Band),False
qt_db995aef169aab8085bb4ab0,2026-01-21,2026-01-22,SOL-USDT,short,0.9568486088402701,4873.323097928954,2.3315162133412373,2.43788048920851,negative,"{'commission': np.float64(2.3315162133412373), 'slippage': np.float64(2.332682554618), 'impact': np.float64(0.0), 'funding': None, 'borrow': None, 'funding_status': 'not_modeled', 'borrow_status': 'not_modeled', 'modeled_total': np.float64(4.664198767959237)}",RangeMeanReversion,signal,False
qt_7896b5c5f9ab64ec0114ef9e,2026-01-27,2026-01-28,SOL-USDT,cover,0.9568486088402701,4873.058038160119,2.331389402305703,2.4353113633978865,positive,"{'commission': np.float64(2.331389402305703), 'slippage': np.float64(2.330224290160169), 'impact': np.float64(0.0), 'funding': None, 'borrow': None, 'funding_status': 'not_modeled', 'borrow_status': 'not_modeled', 'modeled_total': np.float64(4.661613692465872)}",RangeMeanReversion,hard_stop,False
qt_09a02d0da75ee4bbd5ed77d0,2026-01-28,2026-01-29,BTC-USDT,short,0.09812764732074394,29851.518309591484,1.4646296303361617,14.933225767679687,negative,"{'commission': np.float64(1.4646296303361617), 'slippage': np.float64(1.465362311491918), 'impact': np.float64(0.0), 'funding': None, 'borrow': None, 'funding_status': 'not_modeled', 'borrow_status': 'not_modeled', 'modeled_total': np.float64(2.9299919418280798)}",TrendBreakdown,signal,False
qt_cbc189b80c02e3765967feb9,2026-02-08,2026-02-09,SOL-USDT,buy,1.0185468137982965,4555.071397363679,2.319776729204265,2.2763974999315906,positive,"{'commission': np.float64(2.319776729204265), 'slippage': np.float64(2.3186174204937293), 'impact': np.float64(0.0), 'funding': None, 'borrow': None, 'funding_status': 'not_modeled', 'borrow_status': 'not_modeled', 'modeled_total': np.float64(4.638394149697994)}",RangeMeanReversion,signal,False
qt_78efb71b8a6369909bd254b6,2026-02-09,2026-02-10,SOL-USDT,sell,1.0185468137982965,4605.480240118588,2.3454486122919005,2.3038920660919757,negative,"{'commission': np.float64(2.3454486122919005), 'slippage': np.float64(2.346621923253156), 'impact': np.float64(0.0), 'funding': None, 'borrow': None, 'funding_status': 'not_modeled', 'borrow_status': 'not_modeled', 'modeled_total': np.float64(4.6920705355450565)}",RangeMeanReversion,hard_stop,False
qt_91b5cd5d1e0d6d5e59e27c85,2026-02-10,2026-02-11,SOL-USDT,buy,1.0536159896021575,4488.106598135576,2.364370437417294,2.2429318331505783,positive,"{'commission': np.float64(2.364370437417294), 'slippage': np.float64(2.363188842995128), 'impact': np.float64(0.0), 'funding': None, 'borrow': None, 'funding_status': 'not_modeled', 'borrow_status': 'not_modeled', 'modeled_total': np.float64(4.727559280412422)}",RangeMeanReversion,signal,False
qt_ef4a6683f6ccb8c25a34612b,2026-02-11,2026-02-12,SOL-USDT,sell,1.0536159896021575,4395.875425068587,2.315782318075722,2.1990372311493047,negative,"{'commission': np.float64(2.315782318075722), 'slippage': np.float64(2.316940788469363), 'impact': np.float64(0.0), 'funding': None, 'borrow': None, 'funding_status': 'not_modeled', 'borrow_status': 'not_modeled', 'modeled_total': np.float64(4.632723106545085)}",RangeMeanReversion,hard_stop,False
qt_f27ea51b57308a5a2161dda0,2026-02-12,2026-02-13,SOL-USDT,buy,1.0981083051888643,4399.791842044515,2.415723981425647,2.1987965227608584,positive,"{'commission': np.float64(2.415723981425647), 'slippage': np.float64(2.4145167230640943), 'impact': np.float64(0.0), 'funding': None, 'borrow': None, 'funding_status': 'not_modeled', 'borrow_status': 'not_modeled', 'modeled_total': np.float64(4.830240704489741)}",RangeMeanReversion,signal,False
qt_112d930ca03d91ef880addf8,2026-02-17,2026-02-18,SOL-USDT,sell,1.0981083051888643,4313.1545966563235,2.3681554420759174,2.1576561263909753,negative,"{'commission': np.float64(2.3681554420759174), 'slippage': np.float64(2.369340112131564), 'impact': np.float64(0.0), 'funding': None, 'borrow': None, 'funding_status': 'not_modeled', 'borrow_status': 'not_modeled', 'modeled_total': np.float64(4.737495554207481)}",RangeMeanReversion,hard_stop,False
qt_b42430732a8d3618d43af519,2026-02-20,2026-02-21,SOL-USDT,buy,1.2273436816130248,4069.1678966941276,2.4971337537150493,2.033567164764463,positive,"{'commission': np.float64(2.4971337537150493), 'slippage': np.float64(2.4958858108093764), 'impact': np.float64(0.0), 'funding': None, 'borrow': None, 'funding_status': 'not_modeled', 'borrow_status': 'not_modeled', 'modeled_total': np.float64(4.993019564524426)}",RangeMeanReversion,signal,False
qt_d5b76c3496194e6ab5bb674b,2026-02-21,2026-02-22,SOL-USDT,sell,1.2273436816130248,4002.922240109734,2.4564806596934687,2.002462351230406,negative,"{'commission': np.float64(2.4564806596934687), 'slippage': np.float64(2.4577095144506003), 'impact': np.float64(0.0), 'funding': None, 'borrow': None, 'funding_status': 'not_modeled', 'borrow_status': 'not_modeled', 'modeled_total': np.float64(4.9141901741440694)}",Router,StateSwitch,False
qt_272c49b10cf21fd36bb99d87,2026-02-24,2026-02-25,SOL-USDT,short,0.5481685130150636,3913.5076681798964,1.0726308395696116,1.9577327004399194,negative,"{'commission': np.float64(1.0726308395696116), 'slippage': np.float64(1.0731674232811157), 'impact': np.float64(0.0), 'funding': None, 'borrow': None, 'funding_status': 'not_modeled', 'borrow_status': 'not_modeled', 'modeled_total': np.float64(2.145798262850727)}",TrendBreakdown,signal,False
qt_1595543c31048b011eab2944,2026-03-14,2026-03-15,SOL-USDT,cover,0.5481685130150636,3719.2980543190924,1.0194010419479582,1.8587196673256585,positive,"{'commission': np.float64(1.0194010419479582), 'slippage': np.float64(1.01889159614976), 'impact': np.float64(0.0), 'funding': None, 'borrow': None, 'funding_status': 'not_modeled', 'borrow_status': 'not_modeled', 'modeled_total': np.float64(2.038292638097718)}",Router,StateSwitch,False
qt_5d2a2127cb25790a7c697462,2026-03-21,2026-03-22,BTC-USDT,cover,0.09812764732074394,20757.118972787193,1.0184236249781924,10.373372799993376,positive,"{'commission': np.float64(1.0184236249781924), 'slippage': np.float64(1.0179146676443482), 'impact': np.float64(0.0), 'funding': None, 'borrow': None, 'funding_status': 'not_modeled', 'borrow_status': 'not_modeled', 'modeled_total': np.float64(2.0363382926225406)}",Router,StateSwitch,False
qt_1d7b11a70fd6e1f2519c95b3,2026-03-22,2026-03-23,SOL-USDT,short,1.1041822565357562,3540.5737947186826,1.9547193810419201,1.7711724836008216,negative,"{'commission': np.float64(1.9547193810419201), 'slippage': np.float64(1.9556972296563948), 'impact': np.float64(0.0), 'funding': None, 'borrow': None, 'funding_status': 'not_modeled', 'borrow_status': 'not_modeled', 'modeled_total': np.float64(3.9104166106983147)}",TrendBreakdown,signal,False
qt_f85e7e57dec69a2cd9894312,2026-03-30,2026-03-31,SOL-USDT,cover,1.1041822565357562,3631.9738746418175,2.0051805542904577,1.8150793976219575,positive,"{'commission': np.float64(2.0051805542904577), 'slippage': np.float64(2.004178465057774), 'impact': np.float64(0.0), 'funding': None, 'borrow': None, 'funding_status': 'not_modeled', 'borrow_status': 'not_modeled', 'modeled_total': np.float64(4.009359019348231)}",Router,StateSwitch,False
qt_6b1986d32a602341d2b9363a,2026-04-01,2026-04-02,BTC-USDT,short,0.1240959269092158,18461.549367608186,1.1455015404767923,9.235392379992845,negative,"{'commission': np.float64(1.1455015404767923), 'slippage': np.float64(1.1460745777655206), 'impact': np.float64(0.0), 'funding': None, 'borrow': None, 'funding_status': 'not_modeled', 'borrow_status': 'not_modeled', 'modeled_total': np.float64(2.291576118242313)}",TrendBreakdown,signal,False
qt_e3a3c1f5cdeab676831e9625,2026-04-07,2026-04-08,SOL-USDT,buy,1.541588629149279,3345.2386134372914,2.5784909041330146,1.6717834150108501,positive,"{'commission': np.float64(2.5784909041330146), 'slippage': np.float64(2.577202302981077), 'impact': np.float64(0.0), 'funding': None, 'borrow': None, 'funding_status': 'not_modeled', 'borrow_status': 'not_modeled', 'modeled_total': np.float64(5.1556932071140915)}",RangeMeanReversion,signal,False
qt_b1a782a9089aaf6b32a56a37,2026-04-09,2026-04-10,SOL-USDT,sell,1.541588629149279,3273.324758056802,2.5230601132665904,1.6374811195878465,negative,"{'commission': np.float64(2.5230601132665904), 'slippage': np.float64(2.524322274403255), 'impact': np.float64(0.0), 'funding': None, 'borrow': None, 'funding_status': 'not_modeled', 'borrow_status': 'not_modeled', 'modeled_total': np.float64(5.047382387669845)}",RangeMeanReversion,hard_stop,False
qt_70dd5aba8192e3cc2f560669,2026-04-10,2026-04-11,SOL-USDT,buy,1.5872559238581352,3268.255842125687,2.5937792230489776,1.6333112654301658,positive,"{'commission': np.float64(2.5937792230489776), 'slippage': np.float64(2.5924829815582577), 'impact': np.float64(0.0), 'funding': None, 'borrow': None, 'funding_status': 'not_modeled', 'borrow_status': 'not_modeled', 'modeled_total': np.float64(5.186262204607235)}",RangeMeanReversion,signal,False
qt_7d9eb8ad17f2034be3ba30b6,2026-04-11,2026-04-12,SOL-USDT,sell,1.5872559238581352,3211.3303102772634,2.5486015292263846,1.6064683893332585,negative,"{'commission': np.float64(2.5486015292263846), 'slippage': np.float64(2.549876467460052), 'impact': np.float64(0.0), 'funding': None, 'borrow': None, 'funding_status': 'not_modeled', 'borrow_status': 'not_modeled', 'modeled_total': np.float64(5.098477996686436)}",Router,StateSwitch,False
qt_002104105ef3842a8596e98e,2026-04-14,2026-04-15,SOL-USDT,short,0.8842185926552463,3238.8275713226667,1.431915778483969,1.620223897609776,negative,"{'commission': np.float64(1.431915778483969), 'slippage': np.float64(1.432632094530914), 'impact': np.float64(0.0), 'funding': None, 'borrow': None, 'funding_status': 'not_modeled', 'borrow_status': 'not_modeled', 'modeled_total': np.float64(2.8645478730148826)}",TrendBreakdown,signal,False
qt_c979fb8db787c41b2bbe15ab,2026-05-01,2026-05-02,BTC-USDT,cover,0.1240959269092158,17197.062241253272,1.0670426894719003,8.59423400362357,positive,"{'commission': np.float64(1.0670426894719003), 'slippage': np.float64(1.0665094347543675), 'impact': np.float64(0.0), 'funding': None, 'borrow': None, 'funding_status': 'not_modeled', 'borrow_status': 'not_modeled', 'modeled_total': np.float64(2.133552124226268)}",Router,StateSwitch,False
qt_dd7ad4f4bb3700287014a27c,2026-05-20,2026-05-21,BTC-USDT,short,0.3122646577993433,17157.04169125196,2.67876887628393,8.58281225175233,negative,"{'commission': np.float64(2.67876887628393), 'slippage': np.float64(2.6801089307494523), 'impact': np.float64(0.0), 'funding': None, 'borrow': None, 'funding_status': 'not_modeled', 'borrow_status': 'not_modeled', 'modeled_total': np.float64(5.358877807033382)}",RangeMeanReversion,signal,False
qt_63367a4101d3ce4e2e0fbad9,2026-05-24,2026-05-25,BTC-USDT,cover,0.3122646577993433,16846.495257185798,2.6302825383016915,8.419038109535904,positive,"{'commission': np.float64(2.6302825383016915), 'slippage': np.float64(2.6289680542738596), 'impact': np.float64(0.0), 'funding': None, 'borrow': None, 'funding_status': 'not_modeled', 'borrow_status': 'not_modeled', 'modeled_total': np.float64(5.259250592575551)}",RangeMeanReversion,Target hit (Mid Band),False
qt_a47516f020d0f1b5696435a3,2026-05-30,2026-05-31,BTC-USDT,buy,0.344335067486957,15536.444635638289,2.674871356059941,7.764340147745315,positive,"{'commission': np.float64(2.674871356059941), 'slippage': np.float64(2.673534588765573), 'impact': np.float64(0.0), 'funding': None, 'borrow': None, 'funding_status': 'not_modeled', 'borrow_status': 'not_modeled', 'modeled_total': np.float64(5.3484059448255135)}",RangeMeanReversion,signal,False
qt_1a90d546b4b1873df47dac63,2026-05-31,2026-06-01,BTC-USDT,sell,0.344335067486957,15687.124196408617,2.7008134844233185,7.8474858411245805,negative,"{'commission': np.float64(2.7008134844233185), 'slippage': np.float64(2.702164566706572), 'impact': np.float64(0.0), 'funding': None, 'borrow': None, 'funding_status': 'not_modeled', 'borrow_status': 'not_modeled', 'modeled_total': np.float64(5.402978051129891)}",RangeMeanReversion,hard_stop,False
qt_e870af01f2053aa8025c19e4,2026-06-01,2026-06-02,BTC-USDT,buy,0.3550395332007504,15632.535892556016,2.775084123018532,7.8123617653945985,positive,"{'commission': np.float64(2.775084123018532), 'slippage': np.float64(2.7736972743810884), 'impact': np.float64(0.0), 'funding': None, 'borrow': None, 'funding_status': 'not_modeled', 'borrow_status': 'not_modeled', 'modeled_total': np.float64(5.548781397399621)}",RangeMeanReversion,signal,False
qt_68cd2c958910e3630b58724a,2026-06-03,2026-06-04,BTC-USDT,sell,0.3550395332007504,14885.796500572318,2.64252312044228,7.446621561066422,negative,"{'commission': np.float64(2.64252312044228), 'slippage': np.float64(2.6438450429636657), 'impact': np.float64(0.0), 'funding': None, 'borrow': None, 'funding_status': 'not_modeled', 'borrow_status': 'not_modeled', 'modeled_total': np.float64(5.286368163405946)}",RangeMeanReversion,hard_stop,False
qt_ab246d2407f7792e460134f4,2026-06-04,2026-06-05,BTC-USDT,buy,0.37044724113158806,14652.197784351609,2.7139331228637102,7.322437673337845,positive,"{'commission': np.float64(2.7139331228637102), 'slippage': np.float64(2.712576834446009), 'impact': np.float64(0.0), 'funding': None, 'borrow': None, 'funding_status': 'not_modeled', 'borrow_status': 'not_modeled', 'modeled_total': np.float64(5.426509957309719)}",RangeMeanReversion,signal,False
qt_b6c92c0f5ae67c6e6bbd531e,2026-06-08,2026-06-09,BTC-USDT,sell,0.37044724113158806,14287.105876577709,2.6463094778665557,7.147126501538878,negative,"{'commission': np.float64(2.6463094778665557), 'slippage': np.float64(2.647633294513536), 'impact': np.float64(0.0), 'funding': None, 'borrow': None, 'funding_status': 'not_modeled', 'borrow_status': 'not_modeled', 'modeled_total': np.float64(5.293942772380092)}",Router,StateSwitch,False
qt_234440fce3c75a7704d6b321,2026-06-11,2026-06-12,BTC-USDT,short,0.16287460851532254,13498.638743103598,1.099292750386382,6.752695719411349,negative,"{'commission': np.float64(1.099292750386382), 'slippage': np.float64(1.0998426717222178), 'impact': np.float64(0.0), 'funding': None, 'borrow': None, 'funding_status': 'not_modeled', 'borrow_status': 'not_modeled', 'modeled_total': np.float64(2.1991354221085997)}",TrendBreakdown,signal,False
qt_623eaed568f1bbe760a56e21,2026-06-25,2026-06-26,ETH-USDT,cover,0.23136744440612317,2688.843538168483,0.31105542891698,1.3437498941370905,positive,"{'commission': np.float64(0.31105542891698), 'slippage': np.float64(0.31089997892749716), 'impact': np.float64(0.0), 'funding': None, 'borrow': None, 'funding_status': 'not_modeled', 'borrow_status': 'not_modeled', 'modeled_total': np.float64(0.6219554078444771)}",Router,StateSwitch,False
qt_3c810df1cbc4c84063f25a5e,2026-07-03,2026-07-04,ETH-USDT,short,1.3140958239483878,2452.036402665647,1.611105398456177,1.2266315170913913,negative,"{'commission': np.float64(1.611105398456177), 'slippage': np.float64(1.6119113541332728), 'impact': np.float64(0.0), 'funding': None, 'borrow': None, 'funding_status': 'not_modeled', 'borrow_status': 'not_modeled', 'modeled_total': np.float64(3.2230167525894498)}",TrendBreakdown,signal,False
qt_e7d92d7674c3cc74ece357b0,2026-07-07,2026-07-08,SOL-USDT,cover,0.8842185926552463,1891.8375152730853,0.8363989526435827,0.9454460346191809,positive,"{'commission': np.float64(0.8363989526435827), 'slippage': np.float64(0.8359809621624553), 'impact': np.float64(0.0), 'funding': None, 'borrow': None, 'funding_status': 'not_modeled', 'borrow_status': 'not_modeled', 'modeled_total': np.float64(1.6723799148060379)}",Router,StateSwitch,False
qt_a8d14ab986877e619eae76a7,2026-07-14,2026-07-15,SOL-USDT,short,2.834368538041381,1803.7172297796549,2.5561996838053047,0.902309769774547,negative,"{'commission': np.float64(2.5561996838053047), 'slippage': np.float64(2.5574784230163377), 'impact': np.float64(0.0), 'funding': None, 'borrow': None, 'funding_status': 'not_modeled', 'borrow_status': 'not_modeled', 'modeled_total': np.float64(5.113678106821642)}",TrendBreakdown,signal,False
qt_57a03a57b60d417a69203e90,2026-07-22,2026-07-23,ETH-USDT,cover,1.3140958239483878,2430.3199703844816,1.5968366619703083,1.2145527088378003,positive,"{'commission': np.float64(1.5968366619703083), 'slippage': np.float64(1.5960386426489555), 'impact': np.float64(0.0), 'funding': None, 'borrow': None, 'funding_status': 'not_modeled', 'borrow_status': 'not_modeled', 'modeled_total': np.float64(3.192875304619264)}",Router,StateSwitch,False
qt_6d9490df449ee468eb7f70e1,2026-08-01,2026-08-02,ETH-USDT,short,1.6108057665007836,2210.38385054654,1.7802495263202864,1.1057447976718322,negative,"{'commission': np.float64(1.7802495263202864), 'slippage': np.float64(1.7811400963680295), 'impact': np.float64(0.0), 'funding': None, 'borrow': None, 'funding_status': 'not_modeled', 'borrow_status': 'not_modeled', 'modeled_total': np.float64(3.561389622688316)}",TrendBreakdown,signal,False
qt_56f0d4c319c912ab07a220f6,2026-08-13,2026-08-14,ETH-USDT,cover,1.6108057665007836,2135.756372434698,1.7201443402793033,1.0673445139600517,positive,"{'commission': np.float64(1.7201443402793033), 'slippage': np.float64(1.7192846979298273), 'impact': np.float64(0.0), 'funding': None, 'borrow': None, 'funding_status': 'not_modeled', 'borrow_status': 'not_modeled', 'modeled_total': np.float64(3.4394290382091306)}",Router,StateSwitch,False
