,0
2025-03-15,10000.0
2025-03-16,10000.0
2025-03-17,10000.0
2025-03-18,10000.0
2025-03-19,10000.0
2025-03-20,10000.0
2025-03-21,10000.0
2025-03-22,10000.0
2025-03-23,10000.0
2025-03-24,10000.0
2025-03-25,10000.0
2025-03-26,10000.0
2025-03-27,10000.0
2025-03-28,10000.0
2025-03-29,10000.0
2025-03-30,10000.0
2025-03-31,10000.0
2025-04-01,10000.0
2025-04-02,10000.0
2025-04-03,10000.0
2025-04-04,10000.0
2025-04-05,10000.0
2025-04-06,10000.0
2025-04-07,10000.0
2025-04-08,10000.0
2025-04-09,10000.0
2025-04-10,10000.0
2025-04-11,10000.0
2025-04-12,10000.0
2025-04-13,10000.0
2025-04-14,10000.0
2025-04-15,10226.113250931368
2025-04-16,10212.77580325648
2025-04-17,10239.12940259564
2025-04-18,10292.541904975276
2025-04-19,10271.0159752046
2025-04-20,10411.211441479769
2025-04-21,10350.905243550775
2025-04-22,10414.578697582427
2025-04-23,10470.314199232076
2025-04-24,10517.117074210591
2025-04-25,10572.37472534184
2025-04-26,10700.063507795003
2025-04-27,10780.307387441646
2025-04-28,10714.640026207955
2025-04-29,10762.240014233015
2025-04-30,10846.324475237667
2025-05-01,10918.05297671808
2025-05-02,10962.777243357303
2025-05-03,10911.859437804307
2025-05-04,10966.289504666815
2025-05-05,11020.954024546776
2025-05-06,11085.285222267024
2025-05-07,11125.577810222687
2025-05-08,11144.934323443065
2025-05-09,11238.43389162927
2025-05-10,11292.348616462203
2025-05-11,11271.307607256658
2025-05-12,11363.835852417998
2025-05-13,11496.791074766543
2025-05-14,11533.63349042154
2025-05-15,11579.792221509913
2025-05-16,11600.393705346038
2025-05-17,11476.658692632995
2025-05-18,11548.868187300963
2025-05-19,11688.231354738717
2025-05-20,11772.441203645667
2025-05-21,11964.062163801515
2025-05-22,12067.363002782686
2025-05-23,12108.373563356707
2025-05-24,12321.905456486758
2025-05-25,12453.998716331882
2025-05-26,12465.063602160342
2025-05-27,12567.195889467272
2025-05-28,12588.670951342832
2025-05-29,12650.709540966973
2025-05-30,12662.926044913715
2025-05-31,12704.246530887269
2025-06-01,12668.528416385223
2025-06-02,12656.669789177855
2025-06-03,12714.567433329985
2025-06-04,12833.943058344079
2025-06-05,12943.83994154586
2025-06-06,12989.721708519775
2025-06-07,13065.60231163509
2025-06-08,13150.62372295221
2025-06-09,13275.119552152806
2025-06-10,13393.319176424748
2025-06-11,13440.533944981484
2025-06-12,13521.274601644402
2025-06-13,13623.61745065521
2025-06-14,13710.36918287881
2025-06-15,13836.874621691122
2025-06-16,13906.344648967746
2025-06-17,13996.658417602366
2025-06-18,13988.733346661342
2025-06-19,14058.5235238942
2025-06-20,14213.638946920422
2025-06-21,14330.977331975999
2025-06-22,14508.825937845864
2025-06-23,14471.258189427874
2025-06-24,14591.238454281236
2025-06-25,14734.624039176835
2025-06-26,14686.138449186841
2025-06-27,14791.640053405199
2025-06-28,14822.78593255565
2025-06-29,15120.96469138056
2025-06-30,15132.991541470266
2025-07-01,15271.878788379146
2025-07-02,15364.961732519048
2025-07-03,15277.391370292222
2025-07-04,15289.47444115472
2025-07-05,15249.494674648033
2025-07-06,15561.936843725653
2025-07-07,15636.585538046655
2025-07-08,15554.249132727353
2025-07-09,15635.521963139743
2025-07-10,15591.48446893757
2025-07-11,15814.637100879743
2025-07-12,16048.692077180373
2025-07-13,16258.889791805483
2025-07-14,16316.062887999733
2025-07-15,16486.142452098113
2025-07-16,16303.634700201346
2025-07-17,16255.261543205615
2025-07-18,16283.678605171863
2025-07-19,16191.69479520288
2025-07-20,15999.091934737722
2025-07-21,16039.341499050042
2025-07-22,16011.01081267975
2025-07-23,15868.923395363787
2025-07-24,15702.741779130069
2025-07-25,15513.507168663287
2025-07-26,15409.528254398603
2025-07-27,15548.897934168035
2025-07-28,15418.224158831821
2025-07-29,15452.854321306517
2025-07-30,15836.1498055062
2025-07-31,15922.431480441204
2025-08-01,15705.924322695539
2025-08-02,15698.017995944669
2025-08-03,15690.43171216207
2025-08-04,15410.921341482775
2025-08-05,15483.47601516846
2025-08-06,15538.496684240905
2025-08-07,15520.058608336445
2025-08-08,15349.677879762134
2025-08-09,15080.132861877704
2025-08-10,15074.176547238882
2025-08-11,14969.08847992154
2025-08-12,14837.119075990975
2025-08-13,14688.780314159438
2025-08-14,14599.39588308995
2025-08-15,14698.30464860699
2025-08-16,15029.862663683682
2025-08-17,15138.990373271537
2025-08-18,15273.295400174231
2025-08-19,15350.067275672327
2025-08-20,15287.15332227689
2025-08-21,15201.227216603995
2025-08-22,14991.52259648048
2025-08-23,15099.85630302038
2025-08-24,15193.09615885868
2025-08-25,14789.116657088545
2025-08-26,14670.645814799373
2025-08-27,14755.041434985265
2025-08-28,15083.67925700355
2025-08-29,15005.103176123472
2025-08-30,15152.737749474274
2025-08-31,15034.681199932995
2025-09-01,15133.932855150615
2025-09-02,14927.268280776429
2025-09-03,15117.694919621923
2025-09-04,15064.416166989098
2025-09-05,15060.681944484528
2025-09-06,15166.639262362038
2025-09-07,15234.625209988315
2025-09-08,15048.112323379899
2025-09-09,15053.544647006638
2025-09-10,15135.124268353755
2025-09-11,14917.345270916236
2025-09-12,14817.7911052461
2025-09-13,14932.686950015666
2025-09-14,14892.760020919435
2025-09-15,14674.991244542161
2025-09-16,14911.323151019626
2025-09-17,14896.737451088042
2025-09-18,14899.390669461214
2025-09-19,15060.588625566103
2025-09-20,15343.044563988517
2025-09-21,15315.915591015088
2025-09-22,15327.0202402162
2025-09-23,15443.912887228893
2025-09-24,15499.105439590456
2025-09-25,15601.525166301119
2025-09-26,15687.047187301378
2025-09-27,15716.193635317248
2025-09-28,15723.449813944457
2025-09-29,15553.262904103523
2025-09-30,15589.916119421936
2025-10-01,15481.305656510376
2025-10-02,15584.23141027214
2025-10-03,15906.224971267644
2025-10-04,15897.378265202486
2025-10-05,15721.293904232982
2025-10-06,15909.897738441363
2025-10-07,15811.368572887892
2025-10-08,15558.215296395072
2025-10-09,15587.173414093048
2025-10-10,15758.85616635564
2025-10-11,15870.538725580245
2025-10-12,16115.908104314189
2025-10-13,15978.758220322097
2025-10-14,16275.99840696622
2025-10-15,16231.264697169188
2025-10-16,16383.385611945989
2025-10-17,16436.057804582062
2025-10-18,16144.303856267712
2025-10-19,16177.378554899069
2025-10-20,16259.306572811973
2025-10-21,16489.790944934753
2025-10-22,16378.283143781639
2025-10-23,16445.651400676932
2025-10-24,16240.013483868377
2025-10-25,16351.429819229103
2025-10-26,16466.272912181284
2025-10-27,16479.47859546135
2025-10-28,16622.41415835455
2025-10-29,16423.575912903136
2025-10-30,16601.440708312213
2025-10-31,16494.379600554104
2025-11-01,16482.935179149023
2025-11-02,16401.260513530928
2025-11-03,16445.167360041385
2025-11-04,16544.359737632123
2025-11-05,16688.157343402017
2025-11-06,16283.16503334349
2025-11-07,16038.665247504243
2025-11-08,16082.045496697177
2025-11-09,16058.732977065076
2025-11-10,16102.589197055757
2025-11-11,15870.03491025168
2025-11-12,16091.613718151682
2025-11-13,15942.864524443807
2025-11-14,15622.654047523929
2025-11-15,15500.941062495323
2025-11-16,15434.37542643353
2025-11-17,15263.903338653376
2025-11-18,15236.512237335864
2025-11-19,15236.323605519174
2025-11-20,15188.805561661442
2025-11-21,15136.9056073034
2025-11-22,15289.256067063985
2025-11-23,15186.400940623658
2025-11-24,14926.92425124295
2025-11-25,14862.019564491637
2025-11-26,14886.218871456731
2025-11-27,14946.37319210013
2025-11-28,14887.493562736998
2025-11-29,14778.668370743042
2025-11-30,14997.178914442697
2025-12-01,15003.764309942882
2025-12-02,14799.79283585834
2025-12-03,14535.888629068959
2025-12-04,14466.915317676645
2025-12-05,14297.874315305678
2025-12-06,14195.725055671372
2025-12-07,13932.382970158216
2025-12-08,13891.098168052855
2025-12-09,13871.796243191218
2025-12-10,13864.45815331192
2025-12-11,13827.820142243145
2025-12-12,13863.875550452962
2025-12-13,13942.860819758485
2025-12-14,13824.050411471797
2025-12-15,13677.502860245108
2025-12-16,13710.97000396228
2025-12-17,13591.018811151262
2025-12-18,13436.179445270935
2025-12-19,13490.97533776133
2025-12-20,13239.85546595554
2025-12-21,13076.64153485168
2025-12-22,13314.78394598966
2025-12-23,13132.902133047068
2025-12-24,13182.468978836958
2025-12-25,12895.129887877074
2025-12-26,12897.214233017728
2025-12-27,12830.485762715009
2025-12-28,12827.244543758163
2025-12-29,12679.187333650169
2025-12-30,12544.461294043269
2025-12-31,12548.366366412021
2026-01-01,12579.104562698505
2026-01-02,12524.606618976692
2026-01-03,12547.167723744604
2026-01-04,12450.514568452449
2026-01-05,12523.000447036206
2026-01-06,12474.874837266141
2026-01-07,12511.750484935335
2026-01-08,12523.810228140375
2026-01-09,12376.06797096616
2026-01-10,12317.469346372205
2026-01-11,12264.972030939207
2026-01-12,12151.569455476241
2026-01-13,12162.101447454417
2026-01-14,12048.926010962305
2026-01-15,12039.074796437648
2026-01-16,11953.967339691746
2026-01-17,11842.380482252054
2026-01-18,11806.278894961995
2026-01-19,11701.356594356295
2026-01-20,11710.495101304286
2026-01-21,11767.426781052898
2026-01-22,11726.706576118275
2026-01-23,11713.21388210816
2026-01-24,11575.718154613895
2026-01-25,11567.085724523457
2026-01-26,11599.646613238448
2026-01-27,11547.044265910154
2026-01-28,11433.118497435837
2026-01-29,11380.052228263816
2026-01-30,11348.012928109565
2026-01-31,11207.973057073636
2026-02-01,11107.626614187324
2026-02-02,11047.40101590144
2026-02-03,10982.61063228838
2026-02-04,10963.96240641552
2026-02-05,10901.431533748399
2026-02-06,10956.965941461083
2026-02-07,10952.548004196538
2026-02-08,10842.920770709914
2026-02-09,10776.302258245396
2026-02-10,10775.785648582225
2026-02-11,10678.498792323879
2026-02-12,10684.990415559023
2026-02-13,10484.106843247044
2026-02-14,10485.295529343699
2026-02-15,10354.11161465362
2026-02-16,10253.119862473888
2026-02-17,10150.073661347222
2026-02-18,10157.307305808932
2026-02-19,10146.664319408697
2026-02-20,10091.231521078395
2026-02-21,9956.884701041114
2026-02-22,9960.612498155333
2026-02-23,9881.36591349063
2026-02-24,9747.521869911452
2026-02-25,9627.305174097886
2026-02-26,9551.03573178034
2026-02-27,9528.224988782396
2026-02-28,9469.067958895288
2026-03-01,9543.550436909849
2026-03-02,9442.939572089435
2026-03-03,9345.794914915208
2026-03-04,9301.463687846328
2026-03-05,9295.291748456966
2026-03-06,9295.105470495768
2026-03-07,9158.636538357687
2026-03-08,9175.566809860511
2026-03-09,9133.967127497745
2026-03-10,9034.006382880283
2026-03-11,9088.831040036555
2026-03-12,9051.613423605788
2026-03-13,9032.482504263078
2026-03-14,8995.904704464498
2026-03-15,9092.999267724712
