timestamp,symbol,regime,strategy,current_qty,route_event,strategy_changed
2026-04-23,BTC-USDT,SIDEWAYS,RangeMeanReversion,0.0,active,False
2026-04-23,ETH-USDT,SIDEWAYS,RangeMeanReversion,0.0,active,False
2026-04-24,BTC-USDT,SIDEWAYS,RangeMeanReversion,0.0,active,False
2026-04-24,ETH-USDT,SIDEWAYS,RangeMeanReversion,0.0,active,False
2026-04-25,BTC-USDT,SIDEWAYS,RangeMeanReversion,0.0,active,False
2026-04-25,ETH-USDT,SIDEWAYS,RangeMeanReversion,0.0,active,False
2026-04-26,BTC-USDT,SIDEWAYS,RangeMeanReversion,0.0,active,False
2026-04-26,ETH-USDT,SIDEWAYS,RangeMeanReversion,0.0,active,False
2026-04-27,BTC-USDT,SIDEWAYS,RangeMeanReversion,0.0,active,False
2026-04-27,ETH-USDT,SIDEWAYS,RangeMeanReversion,0.0,active,False
2026-04-28,BTC-USDT,SIDEWAYS,RangeMeanReversion,0.0,active,False
2026-04-28,ETH-USDT,SIDEWAYS,RangeMeanReversion,0.0,active,False
2026-04-29,BTC-USDT,SIDEWAYS,RangeMeanReversion,0.0,active,False
2026-04-29,ETH-USDT,SIDEWAYS,RangeMeanReversion,0.0,active,False
2026-04-30,BTC-USDT,SIDEWAYS,RangeMeanReversion,0.0,active,False
2026-04-30,ETH-USDT,SIDEWAYS,RangeMeanReversion,0.0,active,False
2026-05-01,BTC-USDT,SIDEWAYS,RangeMeanReversion,0.0,active,False
2026-05-01,ETH-USDT,SIDEWAYS,RangeMeanReversion,0.0,active,False
2026-05-02,BTC-USDT,SIDEWAYS,RangeMeanReversion,0.0,active,False
2026-05-02,ETH-USDT,SIDEWAYS,RangeMeanReversion,0.0,active,False
2026-05-03,BTC-USDT,SIDEWAYS,RangeMeanReversion,0.0,active,False
2026-05-03,ETH-USDT,SIDEWAYS,RangeMeanReversion,0.0,active,False
2026-05-04,BTC-USDT,SIDEWAYS,RangeMeanReversion,0.0,active,False
2026-05-04,ETH-USDT,SIDEWAYS,RangeMeanReversion,0.0,active,False
2026-05-05,BTC-USDT,SIDEWAYS,RangeMeanReversion,0.0,active,False
2026-05-05,ETH-USDT,SIDEWAYS,RangeMeanReversion,0.0,active,False
2026-05-06,BTC-USDT,SIDEWAYS,RangeMeanReversion,0.0,active,False
2026-05-06,ETH-USDT,SIDEWAYS,RangeMeanReversion,0.0,active,False
2026-05-07,BTC-USDT,SIDEWAYS,RangeMeanReversion,0.0,active,False
2026-05-07,ETH-USDT,SIDEWAYS,RangeMeanReversion,0.0,active,False
2026-05-08,BTC-USDT,SIDEWAYS,RangeMeanReversion,0.0,active,False
2026-05-08,ETH-USDT,SIDEWAYS,RangeMeanReversion,0.0,active,False
2026-05-09,BTC-USDT,SIDEWAYS,RangeMeanReversion,0.0,active,False
2026-05-09,ETH-USDT,SIDEWAYS,RangeMeanReversion,0.0,active,False
2026-05-10,BTC-USDT,SIDEWAYS,RangeMeanReversion,0.0,active,False
2026-05-10,ETH-USDT,SIDEWAYS,RangeMeanReversion,0.0,active,False
2026-05-11,BTC-USDT,SIDEWAYS,RangeMeanReversion,0.0,active,False
2026-05-11,ETH-USDT,SIDEWAYS,RangeMeanReversion,0.0,active,False
2026-05-12,BTC-USDT,SIDEWAYS,RangeMeanReversion,0.0,active,False
2026-05-12,ETH-USDT,SIDEWAYS,RangeMeanReversion,0.0,active,False
2026-05-13,BTC-USDT,SIDEWAYS,RangeMeanReversion,0.0,active,False
2026-05-13,ETH-USDT,SIDEWAYS,RangeMeanReversion,0.0,active,False
2026-05-14,BTC-USDT,SIDEWAYS,RangeMeanReversion,0.0,active,False
2026-05-14,ETH-USDT,SIDEWAYS,RangeMeanReversion,0.0,active,False
2026-05-15,BTC-USDT,SIDEWAYS,RangeMeanReversion,0.0,active,False
2026-05-15,ETH-USDT,SIDEWAYS,RangeMeanReversion,0.0,active,False
2026-05-16,BTC-USDT,SIDEWAYS,RangeMeanReversion,0.0,active,False
2026-05-16,ETH-USDT,SIDEWAYS,RangeMeanReversion,0.0,active,False
2026-05-17,BTC-USDT,SIDEWAYS,RangeMeanReversion,0.0,active,False
2026-05-17,ETH-USDT,SIDEWAYS,RangeMeanReversion,0.0,active,False
2026-05-18,BTC-USDT,SIDEWAYS,RangeMeanReversion,0.0,active,False
2026-05-18,ETH-USDT,SIDEWAYS,RangeMeanReversion,0.0,active,False
2026-05-19,BTC-USDT,SIDEWAYS,RangeMeanReversion,0.0,active,False
2026-05-19,ETH-USDT,SIDEWAYS,RangeMeanReversion,0.0,active,False
2026-05-20,BTC-USDT,SIDEWAYS,RangeMeanReversion,0.0,active,False
2026-05-20,ETH-USDT,SIDEWAYS,RangeMeanReversion,0.0,active,False
2026-05-21,BTC-USDT,SIDEWAYS,RangeMeanReversion,0.0,active,False
2026-05-21,ETH-USDT,SIDEWAYS,RangeMeanReversion,0.0,active,False
2026-05-22,BTC-USDT,SIDEWAYS,RangeMeanReversion,0.0,active,False
2026-05-22,ETH-USDT,TREND_UP,SWITCH_COOLDOWN,0.0,strategy_switch,True
2026-05-23,BTC-USDT,SIDEWAYS,RangeMeanReversion,0.0,active,False
2026-05-23,ETH-USDT,TREND_UP,COOLDOWN,0.0,cooldown,False
2026-05-24,BTC-USDT,SIDEWAYS,RangeMeanReversion,0.0,active,False
2026-05-24,ETH-USDT,TREND_UP,COOLDOWN,0.0,cooldown,False
2026-05-25,BTC-USDT,SIDEWAYS,RangeMeanReversion,0.0,active,False
2026-05-25,ETH-USDT,TREND_UP,TrendBreakout,0.0,active,False
2026-05-26,BTC-USDT,SIDEWAYS,RangeMeanReversion,0.0,active,False
2026-05-26,ETH-USDT,TREND_UP,TrendBreakout,0.0,active,False
2026-05-27,BTC-USDT,SIDEWAYS,RangeMeanReversion,0.0,active,False
2026-05-27,ETH-USDT,VOLATILE,TrendBreakout,0.0,regime_change,False
2026-05-28,BTC-USDT,SIDEWAYS,RangeMeanReversion,0.0,active,False
2026-05-28,ETH-USDT,TREND_UP,TrendBreakout,0.0,regime_change,False
2026-05-29,BTC-USDT,SIDEWAYS,RangeMeanReversion,0.0,active,False
2026-05-29,ETH-USDT,TREND_UP,TrendBreakout,0.0,active,False
2026-05-30,BTC-USDT,SIDEWAYS,RangeMeanReversion,0.0,active,False
2026-05-30,ETH-USDT,TREND_UP,TrendBreakout,0.0,active,False
2026-05-31,BTC-USDT,SIDEWAYS,RangeMeanReversion,0.0,active,False
2026-05-31,ETH-USDT,TREND_UP,TrendBreakout,0.7714308770170776,active,False
2026-06-01,BTC-USDT,SIDEWAYS,RangeMeanReversion,0.0,active,False
2026-06-01,ETH-USDT,TREND_UP,TrendBreakout,0.7714308770170776,active,False
2026-06-02,BTC-USDT,SIDEWAYS,RangeMeanReversion,0.0,active,False
2026-06-02,ETH-USDT,TREND_UP,TrendBreakout,0.7714308770170776,active,False
2026-06-03,BTC-USDT,SIDEWAYS,RangeMeanReversion,0.0,active,False
2026-06-03,ETH-USDT,TREND_UP,TrendBreakout,0.7714308770170776,active,False
2026-06-04,BTC-USDT,SIDEWAYS,RangeMeanReversion,0.0,active,False
2026-06-04,ETH-USDT,TREND_UP,TrendBreakout,0.7714308770170776,active,False
2026-06-05,BTC-USDT,SIDEWAYS,RangeMeanReversion,0.0,active,False
2026-06-05,ETH-USDT,TREND_UP,TrendBreakout,0.7714308770170776,active,False
2026-06-06,BTC-USDT,SIDEWAYS,RangeMeanReversion,0.0,active,False
2026-06-06,ETH-USDT,TREND_UP,TrendBreakout,0.7714308770170776,active,False
2026-06-07,BTC-USDT,SIDEWAYS,RangeMeanReversion,0.0,active,False
2026-06-07,ETH-USDT,TREND_UP,TrendBreakout,0.7714308770170776,active,False
2026-06-08,BTC-USDT,SIDEWAYS,RangeMeanReversion,0.0,active,False
2026-06-08,ETH-USDT,VOLATILE,TrendBreakout,0.7714308770170776,regime_change,False
2026-06-09,BTC-USDT,SIDEWAYS,RangeMeanReversion,0.0,active,False
2026-06-09,ETH-USDT,VOLATILE,TrendBreakout,0.7714308770170776,active,False
2026-06-10,BTC-USDT,SIDEWAYS,RangeMeanReversion,0.0,active,False
2026-06-10,ETH-USDT,VOLATILE,TrendBreakout,0.7714308770170776,active,False
2026-06-11,BTC-USDT,SIDEWAYS,RangeMeanReversion,0.0,active,False
2026-06-11,ETH-USDT,TREND_UP,TrendBreakout,0.7714308770170776,regime_change,False
2026-06-12,BTC-USDT,SIDEWAYS,RangeMeanReversion,0.0,active,False
2026-06-12,ETH-USDT,VOLATILE,TrendBreakout,0.7714308770170776,regime_change,False
2026-06-13,BTC-USDT,SIDEWAYS,RangeMeanReversion,0.0,active,False
2026-06-13,ETH-USDT,VOLATILE,TrendBreakout,0.7714308770170776,active,False
2026-06-14,BTC-USDT,SIDEWAYS,RangeMeanReversion,0.0,active,False
2026-06-14,ETH-USDT,VOLATILE,TrendBreakout,0.7714308770170776,active,False
2026-06-15,BTC-USDT,SIDEWAYS,RangeMeanReversion,0.0,active,False
2026-06-15,ETH-USDT,VOLATILE,TrendBreakout,0.7714308770170776,active,False
2026-06-16,BTC-USDT,SIDEWAYS,RangeMeanReversion,0.0,active,False
2026-06-16,ETH-USDT,VOLATILE,TrendBreakout,0.7714308770170776,active,False
2026-06-17,BTC-USDT,SIDEWAYS,RangeMeanReversion,0.0,active,False
2026-06-17,ETH-USDT,VOLATILE,TrendBreakout,0.0,active,False
2026-06-18,BTC-USDT,SIDEWAYS,RangeMeanReversion,0.0,active,False
2026-06-18,ETH-USDT,VOLATILE,TrendBreakout,0.0,active,False
2026-06-19,BTC-USDT,SIDEWAYS,RangeMeanReversion,0.0,active,False
2026-06-19,ETH-USDT,VOLATILE,TrendBreakout,0.0,active,False
2026-06-20,BTC-USDT,SIDEWAYS,RangeMeanReversion,0.0,active,False
2026-06-20,ETH-USDT,VOLATILE,TrendBreakout,0.0,active,False
2026-06-21,BTC-USDT,SIDEWAYS,RangeMeanReversion,0.0,active,False
2026-06-21,ETH-USDT,VOLATILE,TrendBreakout,0.0,active,False
2026-06-22,BTC-USDT,SIDEWAYS,RangeMeanReversion,0.0,active,False
2026-06-22,ETH-USDT,VOLATILE,TrendBreakout,0.0,active,False
2026-06-23,BTC-USDT,SIDEWAYS,RangeMeanReversion,0.0,active,False
2026-06-23,ETH-USDT,VOLATILE,TrendBreakout,0.0,active,False
2026-06-24,BTC-USDT,SIDEWAYS,RangeMeanReversion,0.0,active,False
2026-06-24,ETH-USDT,VOLATILE,TrendBreakout,0.0,active,False
2026-06-25,BTC-USDT,SIDEWAYS,RangeMeanReversion,0.0,active,False
2026-06-25,ETH-USDT,VOLATILE,TrendBreakout,0.0,active,False
2026-06-26,BTC-USDT,SIDEWAYS,RangeMeanReversion,0.0,active,False
2026-06-26,ETH-USDT,VOLATILE,TrendBreakout,0.0,active,False
2026-06-27,BTC-USDT,SIDEWAYS,RangeMeanReversion,0.0,active,False
2026-06-27,ETH-USDT,VOLATILE,TrendBreakout,0.0,active,False
2026-06-28,BTC-USDT,SIDEWAYS,RangeMeanReversion,0.0,active,False
2026-06-28,ETH-USDT,VOLATILE,TrendBreakout,0.0,active,False
2026-06-29,BTC-USDT,SIDEWAYS,RangeMeanReversion,0.0,active,False
2026-06-29,ETH-USDT,VOLATILE,TrendBreakout,0.0,active,False
2026-06-30,BTC-USDT,SIDEWAYS,RangeMeanReversion,0.0,active,False
2026-06-30,ETH-USDT,VOLATILE,TrendBreakout,0.0,active,False
2026-07-01,BTC-USDT,SIDEWAYS,RangeMeanReversion,0.0,active,False
2026-07-01,ETH-USDT,VOLATILE,TrendBreakout,0.0,active,False
2026-07-02,BTC-USDT,SIDEWAYS,RangeMeanReversion,0.0,active,False
2026-07-02,ETH-USDT,VOLATILE,TrendBreakout,0.0,active,False
2026-07-03,BTC-USDT,SIDEWAYS,RangeMeanReversion,0.0,active,False
2026-07-03,ETH-USDT,VOLATILE,TrendBreakout,0.0,active,False
2026-07-04,BTC-USDT,SIDEWAYS,RangeMeanReversion,0.0,active,False
2026-07-04,ETH-USDT,VOLATILE,TrendBreakout,0.0,active,False
2026-07-05,BTC-USDT,SIDEWAYS,RangeMeanReversion,0.0,active,False
2026-07-05,ETH-USDT,VOLATILE,TrendBreakout,0.0,active,False
2026-07-06,BTC-USDT,SIDEWAYS,RangeMeanReversion,0.0,active,False
2026-07-06,ETH-USDT,VOLATILE,TrendBreakout,0.0,active,False
2026-07-07,BTC-USDT,TREND_DOWN,SWITCH_COOLDOWN,0.0,strategy_switch,True
2026-07-07,ETH-USDT,VOLATILE,TrendBreakout,0.0,active,False
2026-07-08,BTC-USDT,TREND_DOWN,COOLDOWN,0.0,cooldown,False
2026-07-08,ETH-USDT,SIDEWAYS,SWITCH_COOLDOWN,0.0,strategy_switch,True
2026-07-09,BTC-USDT,TREND_DOWN,COOLDOWN,0.0,cooldown,False
2026-07-09,ETH-USDT,SIDEWAYS,COOLDOWN,0.0,cooldown,False
2026-07-10,BTC-USDT,TREND_DOWN,TrendBreakdown,0.0,active,False
2026-07-10,ETH-USDT,SIDEWAYS,COOLDOWN,0.0,cooldown,False
2026-07-11,BTC-USDT,TREND_DOWN,TrendBreakdown,0.0,active,False
2026-07-11,ETH-USDT,SIDEWAYS,RangeMeanReversion,0.0,active,False
2026-07-12,BTC-USDT,TREND_DOWN,TrendBreakdown,0.0,active,False
2026-07-12,ETH-USDT,SIDEWAYS,RangeMeanReversion,0.0,active,False
2026-07-13,BTC-USDT,TREND_DOWN,TrendBreakdown,-0.2560491245050879,active,False
2026-07-13,ETH-USDT,SIDEWAYS,RangeMeanReversion,0.0,active,False
2026-07-14,BTC-USDT,TREND_DOWN,TrendBreakdown,-0.2560491245050879,active,False
2026-07-14,ETH-USDT,SIDEWAYS,RangeMeanReversion,0.0,active,False
2026-07-15,BTC-USDT,TREND_DOWN,TrendBreakdown,-0.2560491245050879,active,False
2026-07-15,ETH-USDT,SIDEWAYS,RangeMeanReversion,0.0,active,False
2026-07-16,BTC-USDT,TREND_DOWN,TrendBreakdown,-0.2560491245050879,active,False
2026-07-16,ETH-USDT,TREND_DOWN,SWITCH_COOLDOWN,0.0,strategy_switch,True
2026-07-17,BTC-USDT,SIDEWAYS,SWITCH_COOLDOWN,0.0,strategy_switch,True
2026-07-17,ETH-USDT,TREND_DOWN,COOLDOWN,0.0,cooldown,False
2026-07-18,BTC-USDT,SIDEWAYS,COOLDOWN,0.0,cooldown,False
2026-07-18,ETH-USDT,TREND_DOWN,COOLDOWN,0.0,cooldown,False
2026-07-19,BTC-USDT,SIDEWAYS,COOLDOWN,0.0,cooldown,False
2026-07-19,ETH-USDT,TREND_DOWN,TrendBreakdown,0.0,active,False
2026-07-20,BTC-USDT,SIDEWAYS,RangeMeanReversion,0.0,active,False
2026-07-20,ETH-USDT,VOLATILE,SWITCH_COOLDOWN,0.0,strategy_switch,True
2026-07-21,BTC-USDT,SIDEWAYS,RangeMeanReversion,0.0,active,False
2026-07-21,ETH-USDT,TREND_DOWN,COOLDOWN,0.0,cooldown,False
2026-07-22,BTC-USDT,SIDEWAYS,RangeMeanReversion,0.0,active,False
2026-07-22,ETH-USDT,TREND_DOWN,COOLDOWN,0.0,cooldown,False
